date,regime,setup,entry_time,short_symbol,long_symbol,short_strike,long_strike,entry_credit,risk_mult,signal_id,exit_time,exit_reason,exit_debit,pnl_per_spread,max_risk,return_r,win,base_risk_pct,current_policy_multiplier,effective_target_risk_pct,sizing_equity,qty,sized_pnl,equity,view,per_spread_pnl
2023-01-11,R4,Not recorded,2023-01-11 10:10:00,SPY230111P00391000,SPY230111P00388000,391.0,388.0,0.38,1.0,FCP-52a40770f2f423c3a893c8ea,2023-01-11 12:12:00,profit_target_45%,0.1999999999999999,18.000000000000004,262.0,0.0687022900763359,True,15.0,0.5,7.5,10000.0,2,36.00000000000001,10036.0,current_policy_fixed,18.000000000000004
2023-01-19,R5,Not recorded,2023-01-19 09:55:00,SPY230119C00392000,SPY230119C00395000,392.0,395.0,0.22,0.5,FCP-15eb642358ea9d9772369d50,2023-01-19 10:37:00,profit_target_45%,0.12,10.0,278.0,0.0359712230215827,True,15.0,0.5,7.5,10000.0,2,20.0,10056.0,current_policy_fixed,10.0
2023-01-24,R1,Not recorded,2023-01-24 10:15:00,SPY230124P00398000,SPY230124P00395000,398.0,395.0,0.6,1.0,FCP-1bad6b32bee66949730e327f,2023-01-24 10:57:00,profit_target_45%,0.32,27.999999999999996,240.0,0.1166666666666666,True,15.0,1.0,15.0,10000.0,6,167.99999999999997,10224.0,current_policy_fixed,27.999999999999996
2023-01-25,R5,Not recorded,2023-01-25 09:50:00,SPY230125C00398000,SPY230125C00401000,398.0,401.0,0.41,0.5,FCP-1bf4f266bc1a966a411675b4,2023-01-25 09:58:00,profit_target_45%,0.2,20.999999999999996,259.0,0.081081081081081,True,15.0,0.5,7.5,10000.0,2,41.99999999999999,10266.0,current_policy_fixed,20.999999999999996
2023-02-01,R1,Not recorded,2023-02-01 11:25:00,SPY230201P00404000,SPY230201P00401000,404.0,401.0,1.04,1.0,FCP-93752febd47ea05653bd90c8,2023-02-01 14:40:00,profit_target_45%,0.45,59.0,196.0,0.3010204081632653,True,15.0,1.0,15.0,10000.0,7,413.0,10679.0,current_policy_fixed,59.0
2023-02-03,R5,Not recorded,2023-02-03 13:05:00,SPY230203C00415000,SPY230203C00418000,415.0,418.0,0.49,1.0,FCP-9d2388d5c0ab566682cec43e,2023-02-03 13:45:00,profit_target_60%,0.19,30.0,250.99999999999997,0.1195219123505976,True,15.0,1.0,15.0,10000.0,5,150.0,10829.0,current_policy_fixed,30.0
2023-02-07,R1,Not recorded,2023-02-07 10:15:00,SPY230207P00407000,SPY230207P00404000,407.0,404.0,0.76,1.0,FCP-798ebaf09ed1c575e89320d3,2023-02-07 11:52:00,profit_target_45%,0.41,35.0,224.00000000000003,0.1562499999999999,True,15.0,1.0,15.0,10000.0,6,210.0,11039.0,current_policy_fixed,35.0
2023-02-08,R1,Not recorded,2023-02-08 10:40:00,SPY230208P00411000,SPY230208P00408000,411.0,408.0,0.38,1.0,FCP-9ab2ad3ac2bcc6caa4f688a9,2023-02-08 11:24:00,stop_2x_credit,0.8400000000000001,-46.00000000000001,262.0,-0.1755725190839694,False,15.0,1.0,15.0,10000.0,5,-230.00000000000003,10809.0,current_policy_fixed,-46.00000000000001
2023-02-15,R1,Not recorded,2023-02-15 10:15:00,SPY230215P00409000,SPY230215P00406000,409.0,406.0,0.56,1.0,FCP-1eb1c1ba00271e68427b74bd,2023-02-15 10:41:00,profit_target_45%,0.3,26.000000000000007,244.0,0.1065573770491803,True,15.0,1.0,15.0,10000.0,6,156.00000000000006,10965.0,current_policy_fixed,26.000000000000007
2023-02-17,R5,Not recorded,2023-02-17 09:50:00,SPY230217C00409000,SPY230217C00412000,409.0,412.0,0.28,0.5,FCP-1b10b35b1faafe94b1bb6879,2023-02-17 10:50:00,time_exit,0.22,6.000000000000003,272.0,0.0220588235294117,True,15.0,0.5,7.5,10000.0,2,12.000000000000004,10977.0,current_policy_fixed,6.000000000000003
2023-02-21,R5,Not recorded,2023-02-21 09:55:00,SPY230221C00405000,SPY230221C00408000,405.0,408.0,0.51,0.5,FCP-1d515b78389f63f2b72db6c9,2023-02-21 10:13:00,profit_target_45%,0.28,23.0,249.00000000000003,0.0923694779116465,True,15.0,0.5,7.5,10000.0,3,69.0,11046.0,current_policy_fixed,23.0
2023-02-21,R5,Not recorded,2023-02-21 11:10:00,SPY230221P00398000,SPY230221P00395000,398.0,395.0,0.18,1.0,FCP-0be90fa2e7c9ec956c9d88d2,2023-02-21 14:21:00,stop_2x_credit,0.37,-19.0,282.0,-0.0673758865248227,False,15.0,1.0,15.0,10000.0,5,-95.0,10951.0,current_policy_fixed,-19.0
2023-02-22,R5,Not recorded,2023-02-22 10:15:00,SPY230222C00400000,SPY230222C00403000,400.0,403.0,0.58,0.5,FCP-11264a7c216b51c87fede734,2023-02-22 11:15:00,time_exit,0.6699999999999999,-8.999999999999996,242.0,-0.037190082644628,False,15.0,0.5,7.5,10000.0,3,-26.99999999999999,10924.0,current_policy_fixed,-8.999999999999996
2023-02-23,R4,Not recorded,2023-02-23 11:55:00,SPY230223C00398000,SPY230223C00401000,398.0,401.0,0.48,1.0,FCP-756c7b26550fee2483c5833c,2023-02-23 14:09:00,stop_2x_credit,0.96,-48.0,252.0,-0.1904761904761904,False,15.0,0.5,7.5,10000.0,2,-96.0,10828.0,current_policy_fixed,-48.0
2023-02-24,R5,Not recorded,2023-02-24 09:50:00,SPY230224C00397000,SPY230224C00400000,397.0,400.0,0.44,0.5,FCP-85f05beca07431b868bf9e2f,2023-02-24 10:50:00,time_exit,0.28,15.999999999999998,256.0,0.0624999999999999,True,15.0,0.5,7.5,10000.0,2,31.999999999999996,10860.0,current_policy_fixed,15.999999999999998
2023-02-27,R4,Not recorded,2023-02-27 10:05:00,SPY230227P00399000,SPY230227P00396000,399.0,396.0,0.44,1.0,FCP-b870e86064d2e75cd860b75e,2023-02-27 10:56:00,stop_2x_credit,0.93,-48.99999999999999,256.0,-0.1914062499999999,False,15.0,0.5,7.5,10000.0,2,-98.0,10762.0,current_policy_fixed,-48.99999999999999
2023-02-28,R5,Not recorded,2023-02-28 09:50:00,SPY230228C00399000,SPY230228C00402000,399.0,402.0,0.5,0.5,FCP-9fe173f9a8b4c09f08caf8a2,2023-02-28 10:50:00,time_exit,0.34,15.999999999999998,250.0,0.0639999999999999,True,15.0,0.5,7.5,10000.0,3,47.99999999999999,10810.0,current_policy_fixed,15.999999999999998
2023-03-01,R5,Not recorded,2023-03-01 10:10:00,SPY230301C00396000,SPY230301C00399000,396.0,399.0,0.52,0.5,FCP-f4481087df5d8bfa2a0fae8e,2023-03-01 11:10:00,time_exit,0.33,19.0,248.0,0.0766129032258064,True,15.0,0.5,7.5,10000.0,3,57.0,10867.0,current_policy_fixed,19.0
2023-03-03,R4,Not recorded,2023-03-03 10:15:00,SPY230303P00399000,SPY230303P00396000,399.0,396.0,0.48,1.0,FCP-bdaafb97aca5bd91cd8dc1ee,2023-03-03 11:17:00,profit_target_45%,0.26,21.999999999999996,252.0,0.0873015873015872,True,15.0,0.5,7.5,10000.0,2,43.99999999999999,10911.0,current_policy_fixed,21.999999999999996
2023-03-06,R4,Not recorded,2023-03-06 10:05:00,SPY230306P00404000,SPY230306P00401000,404.0,401.0,0.34,1.0,FCP-dcae9c4e5d7d85e162bfde06,2023-03-06 10:18:00,profit_target_45%,0.18,16.000000000000004,266.0,0.0601503759398496,True,15.0,0.5,7.5,10000.0,2,32.00000000000001,10943.0,current_policy_fixed,16.000000000000004
2023-03-08,R1,Not recorded,2023-03-08 10:20:00,SPY230308P00396000,SPY230308P00393000,396.0,393.0,0.38,1.0,FCP-9ec051e6a8a2988cde43412e,2023-03-08 10:33:00,profit_target_45%,0.2,18.0,262.0,0.0687022900763358,True,15.0,1.0,15.0,10000.0,5,90.0,11033.0,current_policy_fixed,18.0
2023-03-09,R4,Not recorded,2023-03-09 10:35:00,SPY230309P00399000,SPY230309P00396000,399.0,396.0,0.32,1.0,FCP-440b6c8206aba1fc2380052d,2023-03-09 11:09:00,stop_2x_credit,0.65,-33.0,268.0,-0.1231343283582089,False,15.0,0.5,7.5,10000.0,2,-66.0,10967.0,current_policy_fixed,-33.0
2023-03-10,R5,Not recorded,2023-03-10 09:50:00,SPY230310C00391000,SPY230310C00394000,391.0,394.0,0.63,0.5,FCP-9f5d8f7329a10d82f4b518f9,2023-03-10 10:50:00,time_exit,0.6000000000000001,2.9999999999999916,237.0,0.0126582278481012,True,15.0,0.5,7.5,10000.0,3,8.999999999999975,10976.0,current_policy_fixed,2.9999999999999916
2023-03-14,R4,Not recorded,2023-03-14 10:15:00,SPY230314P00390000,SPY230314P00387000,390.0,387.0,0.62,1.0,FCP-7851a1dbd9f8aa89ad474d66,2023-03-14 10:50:00,profit_target_45%,0.3399999999999999,28.000000000000004,238.0,0.1176470588235294,True,15.0,0.5,7.5,10000.0,3,84.00000000000001,11060.0,current_policy_fixed,28.000000000000004
2023-03-22,R1,Not recorded,2023-03-22 12:25:00,SPY230322P00397000,SPY230322P00394000,397.0,394.0,1.05,1.0,FCP-bd3e33de6ab96891a8c20116,2023-03-22 14:06:00,profit_target_45%,0.4999999999999999,55.00000000000001,195.0,0.2820512820512821,True,15.0,1.0,15.0,10000.0,7,385.00000000000006,11445.0,current_policy_fixed,55.00000000000001
2023-03-24,R5,Not recorded,2023-03-24 09:50:00,SPY230324C00391000,SPY230324C00394000,391.0,394.0,0.95,0.5,FCP-233584bdeeff887305e37dca,2023-03-24 10:50:00,time_exit,1.16,-21.000000000000018,204.99999999999997,-0.102439024390244,False,15.0,0.5,7.5,10000.0,3,-63.00000000000006,11382.0,current_policy_fixed,-21.000000000000018
2023-03-24,R5,Not recorded,2023-03-24 11:10:00,SPY230324P00385000,SPY230324P00382000,385.0,382.0,0.19,1.0,FCP-09f5a287c5111c78df4eadaa,2023-03-24 15:55:00,r5_runner_eod_exit,0.02,17.0,281.0,0.0604982206405693,True,15.0,1.0,15.0,10000.0,5,85.0,11467.0,current_policy_fixed,17.0
2023-03-31,R4,Not recorded,2023-03-31 10:10:00,SPY230331P00404000,SPY230331P00401000,404.0,401.0,0.33,1.0,FCP-3e3eeed2fb986e010f72ef72,2023-03-31 10:46:00,profit_target_45%,0.18,15.000000000000002,267.0,0.0561797752808988,True,15.0,0.5,7.5,10000.0,2,30.000000000000004,11497.0,current_policy_fixed,15.000000000000002
2023-04-04,R4,Not recorded,2023-04-04 11:10:00,SPY230404C00411000,SPY230404C00414000,411.0,414.0,0.22,1.0,FCP-c0e8d2e1eebbe171c4fd1cd1,2023-04-04 15:00:00,time_exit,0.03,19.0,278.0,0.0683453237410072,True,15.0,0.5,7.5,10000.0,2,38.0,11535.0,current_policy_fixed,19.0
2023-04-05,R1,Not recorded,2023-04-05 10:25:00,SPY230405P00407000,SPY230405P00404000,407.0,404.0,0.42,1.0,FCP-d2bd2003209dc28da4f58394,2023-04-05 10:45:00,stop_2x_credit,0.9000000000000001,-48.000000000000014,258.0,-0.186046511627907,False,15.0,1.0,15.0,10000.0,5,-240.00000000000009,11295.0,current_policy_fixed,-48.000000000000014
2023-04-12,R4,Not recorded,2023-04-12 11:10:00,SPY230412C00410000,SPY230412C00413000,410.0,413.0,0.5,1.0,FCP-1794dde81dc4ff91f0839058,2023-04-12 12:02:00,stop_2x_credit,1.02,-52.0,250.0,-0.208,False,15.0,0.5,7.5,10000.0,3,-156.0,11139.0,current_policy_fixed,-52.0
2023-04-17,R1,Not recorded,2023-04-17 10:40:00,SPY230417P00411000,SPY230417P00408000,411.0,408.0,0.29,1.0,FCP-efaeb44909816a2a523b90ab,2023-04-17 14:34:00,profit_target_45%,0.14,14.999999999999996,271.0,0.055350553505535,True,15.0,1.0,15.0,10000.0,5,74.99999999999999,11214.0,current_policy_fixed,14.999999999999996
2023-04-25,R5,Not recorded,2023-04-25 09:55:00,SPY230425C00412000,SPY230425C00415000,412.0,415.0,0.31,0.5,FCP-5d9fc9fbb776758f100a3083,2023-04-25 10:36:00,profit_target_45%,0.17,13.999999999999998,269.0,0.0520446096654275,True,15.0,0.5,7.5,10000.0,2,27.999999999999996,11242.0,current_policy_fixed,13.999999999999998
2023-04-26,R5,Not recorded,2023-04-26 10:20:00,SPY230426C00407000,SPY230426C00410000,407.0,410.0,0.41,0.5,FCP-c5938b75c6b63280c78ac64c,2023-04-26 11:11:00,stop_2x_credit,0.8400000000000001,-43.00000000000001,259.0,-0.166023166023166,False,15.0,0.5,7.5,10000.0,2,-86.00000000000001,11156.0,current_policy_fixed,-43.00000000000001
2023-04-28,R4,Not recorded,2023-04-28 11:00:00,SPY230428P00412000,SPY230428P00409000,412.0,409.0,0.42,1.0,FCP-84cc0127577ce15e778f6ece,2023-04-28 11:31:00,profit_target_45%,0.2299999999999999,19.0,258.0,0.0736434108527131,True,15.0,0.5,7.5,10000.0,2,38.0,11194.0,current_policy_fixed,19.0
2023-05-04,R5,Not recorded,2023-05-04 09:50:00,SPY230504C00408000,SPY230504C00411000,408.0,411.0,0.42,0.5,FCP-61dbdb34b327e31e06869ad5,2023-05-04 10:27:00,profit_target_45%,0.2299999999999999,19.0,258.0,0.0736434108527131,True,15.0,0.5,7.5,10000.0,2,38.0,11232.0,current_policy_fixed,19.0
2023-05-04,R5,Not recorded,2023-05-04 11:00:00,SPY230504P00401000,SPY230504P00398000,401.0,398.0,0.21,1.0,FCP-91881a689194fa93c2b1be88,2023-05-04 12:35:00,r5_late_runner_vwap_5m_close_below,0.12,8.999999999999998,279.0,0.032258064516129,True,15.0,1.0,15.0,10000.0,5,44.99999999999999,11277.0,current_policy_fixed,8.999999999999998
2023-05-08,R1,Not recorded,2023-05-08 10:15:00,SPY230508P00410000,SPY230508P00407000,410.0,407.0,0.24,1.0,FCP-48b5ccf7bb27941f6c83849b,2023-05-08 10:50:00,profit_target_45%,0.13,10.999999999999998,276.0,0.0398550724637681,True,15.0,1.0,15.0,10000.0,5,54.99999999999999,11332.0,current_policy_fixed,10.999999999999998
2023-05-09,R5,Not recorded,2023-05-09 10:15:00,SPY230509C00412000,SPY230509C00415000,412.0,415.0,0.39,0.5,FCP-4ef797bdb86c9942d96b14dd,2023-05-09 11:15:00,time_exit,0.42,-2.9999999999999973,261.0,-0.0114942528735632,False,15.0,0.5,7.5,10000.0,2,-5.999999999999995,11326.0,current_policy_fixed,-2.9999999999999973
2023-05-11,R4,Not recorded,2023-05-11 10:00:00,SPY230511C00412000,SPY230511C00415000,412.0,415.0,0.39,1.0,FCP-f3499a12427d34f897254f8e,2023-05-11 15:00:00,time_exit,0.53,-14.000000000000002,261.0,-0.053639846743295,False,15.0,0.5,7.5,10000.0,2,-28.000000000000004,11298.0,current_policy_fixed,-14.000000000000002
2023-05-12,R4,Not recorded,2023-05-12 12:50:00,SPY230512C00411000,SPY230512C00414000,411.0,414.0,0.2,1.0,FCP-8d4eff97efadc42ff1ae3d9d,2023-05-12 13:24:00,stop_2x_credit,0.43,-23.0,280.0,-0.0821428571428571,False,15.0,0.5,7.5,10000.0,2,-46.0,11252.0,current_policy_fixed,-23.0
2023-05-15,R1,Not recorded,2023-05-15 10:25:00,SPY230515P00409000,SPY230515P00406000,409.0,406.0,0.24,1.0,FCP-c1205c33011f78138ca3ed43,2023-05-15 10:52:00,profit_target_45%,0.13,10.999999999999998,276.0,0.0398550724637681,True,15.0,1.0,15.0,10000.0,5,54.99999999999999,11307.0,current_policy_fixed,10.999999999999998
2023-05-16,R1,Not recorded,2023-05-16 10:20:00,SPY230516P00410000,SPY230516P00407000,410.0,407.0,0.34,1.0,FCP-44a6fbb70c27a75913cfcc24,2023-05-16 11:53:00,profit_target_45%,0.15,19.0,266.0,0.0714285714285714,True,15.0,1.0,15.0,10000.0,5,95.0,11402.0,current_policy_fixed,19.0
2023-05-18,R4,Not recorded,2023-05-18 10:30:00,SPY230518P00415000,SPY230518P00412000,415.0,412.0,0.22,1.0,FCP-a3fb305fb69a205cd505bd50,2023-05-18 11:01:00,profit_target_45%,0.12,10.0,278.0,0.0359712230215827,True,15.0,0.5,7.5,10000.0,2,20.0,11422.0,current_policy_fixed,10.0
2023-05-24,R5,Not recorded,2023-05-24 09:50:00,SPY230524C00414000,SPY230524C00417000,414.0,417.0,0.28,0.5,FCP-2d9b6f8380310e54360b5250,2023-05-24 10:50:00,time_exit,0.16,12.000000000000002,272.0,0.0441176470588235,True,15.0,0.5,7.5,10000.0,2,24.000000000000004,11446.0,current_policy_fixed,12.000000000000002
2023-05-31,R5,Not recorded,2023-05-31 09:55:00,SPY230531C00420000,SPY230531C00423000,420.0,423.0,0.31,0.5,FCP-d9a0563c10eb1b6188bac5bb,2023-05-31 10:13:00,profit_target_45%,0.16,15.0,269.0,0.0557620817843866,True,15.0,0.5,7.5,10000.0,2,30.0,11476.0,current_policy_fixed,15.0
2023-06-02,R4,Not recorded,2023-06-02 10:05:00,SPY230602P00423000,SPY230602P00420000,423.0,420.0,0.34,1.0,FCP-34742a8471eae4eb9222d994,2023-06-02 10:13:00,profit_target_45%,0.18,16.000000000000004,266.0,0.0601503759398496,True,15.0,0.5,7.5,10000.0,2,32.00000000000001,11508.0,current_policy_fixed,16.000000000000004
2023-06-05,R1,Not recorded,2023-06-05 10:35:00,SPY230605P00427000,SPY230605P00424000,427.0,424.0,0.3,1.0,FCP-6d002e51904fdac4909e011b,2023-06-05 11:27:00,profit_target_45%,0.16,13.999999999999998,270.0,0.0518518518518518,True,15.0,1.0,15.0,10000.0,5,69.99999999999999,11578.0,current_policy_fixed,13.999999999999998
2023-06-08,R5,Not recorded,2023-06-08 09:50:00,SPY230608C00428000,SPY230608C00431000,428.0,431.0,0.22,0.5,FCP-87ab66d40dabcd26b53a3f00,2023-06-08 10:16:00,stop_2x_credit,0.4599999999999999,-23.999999999999996,278.0,-0.0863309352517985,False,15.0,0.5,7.5,10000.0,2,-47.99999999999999,11530.0,current_policy_fixed,-23.999999999999996
2023-06-09,R4,Not recorded,2023-06-09 11:45:00,SPY230609P00429000,SPY230609P00426000,429.0,426.0,0.24,1.0,FCP-b3f4cc3a086d05910c9860d0,2023-06-09 11:58:00,stop_2x_credit,0.48,-24.000000000000004,276.0,-0.0869565217391304,False,15.0,0.5,7.5,10000.0,2,-48.00000000000001,11482.0,current_policy_fixed,-24.000000000000004
2023-06-12,R1,Not recorded,2023-06-12 10:15:00,SPY230612P00429000,SPY230612P00426000,429.0,426.0,0.19,1.0,FCP-99ef217f637ce065dabb745a,2023-06-12 11:35:00,profit_target_45%,0.0999999999999999,9.000000000000002,281.0,0.0320284697508896,True,15.0,1.0,15.0,10000.0,5,45.00000000000001,11527.0,current_policy_fixed,9.000000000000002
2023-06-14,R4,Not recorded,2023-06-14 09:50:00,SPY230614P00436000,SPY230614P00433000,436.0,433.0,0.68,1.0,FCP-d35d628003fcc41f8a044298,2023-06-14 14:06:00,stop_2x_credit,1.4,-71.99999999999999,231.99999999999997,-0.3103448275862068,False,15.0,0.5,7.5,10000.0,3,-215.99999999999991,11311.0,current_policy_fixed,-71.99999999999999
2023-06-16,R1,Not recorded,2023-06-16 11:30:00,SPY230616P00439000,SPY230616P00436000,439.0,436.0,0.21,1.0,FCP-4dfdfea41cbba0c37758cef9,2023-06-16 12:01:00,profit_target_45%,0.1099999999999999,10.0,279.0,0.03584229390681,True,15.0,1.0,15.0,10000.0,5,50.0,11361.0,current_policy_fixed,10.0
2023-06-20,R5,Not recorded,2023-06-20 10:00:00,SPY230620C00439000,SPY230620C00442000,439.0,442.0,0.23,0.5,FCP-9afb52e04272b92736b3cd1f,2023-06-20 10:16:00,profit_target_45%,0.12,11.0,277.0,0.03971119133574,True,15.0,0.5,7.5,10000.0,2,22.0,11383.0,current_policy_fixed,11.0
2023-06-21,R1,Not recorded,2023-06-21 10:15:00,SPY230621P00434000,SPY230621P00431000,434.0,431.0,0.41,1.0,FCP-5c049c96baca0cde8f2cf7c1,2023-06-21 11:38:00,profit_target_45%,0.18,22.999999999999996,259.0,0.0888030888030887,True,15.0,1.0,15.0,10000.0,5,115.0,11498.0,current_policy_fixed,22.999999999999996
2023-06-23,R5,Not recorded,2023-06-23 09:50:00,SPY230623C00434000,SPY230623C00437000,434.0,437.0,0.43,0.5,FCP-160187d3c9ca77ed7ddf7645,2023-06-23 10:50:00,time_exit,0.6,-17.0,257.0,-0.0661478599221789,False,15.0,0.5,7.5,10000.0,2,-34.0,11464.0,current_policy_fixed,-17.0
2023-06-26,R5,Not recorded,2023-06-26 10:25:00,SPY230626C00435000,SPY230626C00438000,435.0,438.0,0.36,1.0,FCP-ae996abedd4f5bbe8467338d,2023-06-26 10:41:00,profit_target_60%,0.13,23.0,264.0,0.0871212121212121,True,15.0,1.0,15.0,10000.0,5,115.0,11579.0,current_policy_fixed,23.0
2023-06-27,R1,Not recorded,2023-06-27 10:15:00,SPY230627P00431000,SPY230627P00428000,431.0,428.0,0.24,1.0,FCP-124f051b94f0e95c686b1c22,2023-06-27 10:37:00,profit_target_45%,0.13,10.999999999999998,276.0,0.0398550724637681,True,15.0,1.0,15.0,10000.0,5,54.99999999999999,11634.0,current_policy_fixed,10.999999999999998
2023-06-29,R4,Not recorded,2023-06-29 11:25:00,SPY230629P00436000,SPY230629P00433000,436.0,433.0,0.18,1.0,FCP-a11104f59068ee51ba2ed239,2023-06-29 12:29:00,profit_target_45%,0.09,9.0,282.0,0.0319148936170212,True,15.0,0.5,7.5,10000.0,2,18.0,11652.0,current_policy_fixed,9.0
2023-07-12,R4,Not recorded,2023-07-12 10:05:00,SPY230712P00445000,SPY230712P00442000,445.0,442.0,0.24,1.0,FCP-25167afa8350313f4d6c66db,2023-07-12 10:41:00,profit_target_45%,0.11,12.999999999999998,276.0,0.0471014492753623,True,15.0,0.5,7.5,10000.0,2,25.999999999999996,11678.0,current_policy_fixed,12.999999999999998
2023-07-14,R4,Not recorded,2023-07-14 10:05:00,SPY230714P00449000,SPY230714P00446000,449.0,446.0,0.19,1.0,FCP-c9850f8cd52d27bd6a5c37b3,2023-07-14 10:38:00,stop_2x_credit,0.38,-19.0,281.0,-0.0676156583629893,False,15.0,0.5,7.5,10000.0,2,-38.0,11640.0,current_policy_fixed,-19.0
2023-07-19,R4,Not recorded,2023-07-19 11:00:00,SPY230719P00454000,SPY230719P00451000,454.0,451.0,0.3,1.0,FCP-c408b01b5c2da35040c80bb8,2023-07-19 11:17:00,profit_target_45%,0.16,13.999999999999998,270.0,0.0518518518518518,True,15.0,0.5,7.5,10000.0,2,27.999999999999996,11668.0,current_policy_fixed,13.999999999999998
2023-07-21,R1,Not recorded,2023-07-21 10:35:00,SPY230721P00451000,SPY230721P00448000,451.0,448.0,0.22,1.0,FCP-ad231546723b9fda7c8aed70,2023-07-21 10:49:00,profit_target_45%,0.12,10.0,278.0,0.0359712230215827,True,15.0,1.0,15.0,10000.0,5,50.0,11718.0,current_policy_fixed,10.0
2023-07-26,R1,Not recorded,2023-07-26 11:15:00,SPY230726P00453000,SPY230726P00450000,453.0,450.0,0.59,1.0,FCP-23f735d8016f79721866ec4c,2023-07-26 14:36:00,profit_target_45%,0.29,29.999999999999993,241.0,0.1244813278008298,True,15.0,1.0,15.0,10000.0,6,179.99999999999994,11898.0,current_policy_fixed,29.999999999999993
2023-08-03,R5,Not recorded,2023-08-03 13:45:00,SPY230803C00451000,SPY230803C00454000,451.0,454.0,0.35,1.0,FCP-eac186848393536b9208df99,2023-08-03 15:13:00,profit_target_60%,0.1399999999999999,21.0,265.0,0.0792452830188679,True,15.0,1.0,15.0,10000.0,5,105.0,12003.0,current_policy_fixed,21.0
2023-08-04,R4,Not recorded,2023-08-04 11:30:00,SPY230804P00450000,SPY230804P00447000,450.0,447.0,0.2,1.0,FCP-d38a2486ca1f6ee6080f3c0a,2023-08-04 12:25:00,profit_target_45%,0.11,9.0,280.0,0.0321428571428571,True,15.0,0.5,7.5,10000.0,2,18.0,12021.0,current_policy_fixed,9.0
2023-08-07,R1,Not recorded,2023-08-07 11:35:00,SPY230807P00447000,SPY230807P00444000,447.0,444.0,0.23,1.0,FCP-fd603ed4b3e81fc5981d31b0,2023-08-07 11:56:00,profit_target_45%,0.11,12.0,277.0,0.0433212996389891,True,15.0,1.0,15.0,10000.0,5,60.0,12081.0,current_policy_fixed,12.0
2023-08-08,R5,Not recorded,2023-08-08 09:50:00,SPY230808C00448000,SPY230808C00451000,448.0,451.0,0.38,0.5,FCP-335331dfebb14c0a1271564f,2023-08-08 10:50:00,time_exit,0.24,13.999999999999998,262.0,0.0534351145038167,True,15.0,0.5,7.5,10000.0,2,27.999999999999996,12109.0,current_policy_fixed,13.999999999999998
2023-08-09,R4,Not recorded,2023-08-09 10:00:00,SPY230809C00450000,SPY230809C00453000,450.0,453.0,0.29,1.0,FCP-cb4be99f57d5d9f966d7b074,2023-08-09 15:00:00,time_exit,0.05,24.0,271.0,0.088560885608856,True,15.0,0.5,7.5,10000.0,2,48.0,12157.0,current_policy_fixed,24.0
2023-08-10,R4,Not recorded,2023-08-10 10:45:00,SPY230810P00448000,SPY230810P00445000,448.0,445.0,0.34,1.0,FCP-b507e994f0f5a2c8cbfc8a95,2023-08-10 11:21:00,stop_2x_credit,0.8299999999999998,-48.999999999999986,266.0,-0.1842105263157894,False,15.0,0.5,7.5,10000.0,2,-97.99999999999996,12059.0,current_policy_fixed,-48.999999999999986
2023-08-11,R5,Not recorded,2023-08-11 09:50:00,SPY230811C00445000,SPY230811C00448000,445.0,448.0,0.64,0.5,FCP-930f09903011ee3d37191cf6,2023-08-11 10:17:00,stop_2x_credit,1.2999999999999998,-65.99999999999999,236.0,-0.2796610169491524,False,15.0,0.5,7.5,10000.0,3,-197.99999999999991,11861.0,current_policy_fixed,-65.99999999999999
2023-08-14,R4,Not recorded,2023-08-14 10:40:00,SPY230814P00445000,SPY230814P00442000,445.0,442.0,0.24,1.0,FCP-fe2555ed979d79282af0694b,2023-08-14 11:42:00,profit_target_45%,0.13,10.999999999999998,276.0,0.0398550724637681,True,15.0,0.5,7.5,10000.0,2,21.999999999999996,11883.0,current_policy_fixed,10.999999999999998
2023-08-15,R4,Not recorded,2023-08-15 10:20:00,SPY230815C00446000,SPY230815C00449000,446.0,449.0,0.33,1.0,FCP-5a60e457b7f00ae6be2ed221,2023-08-15 14:59:00,profit_target_90%,0.03,30.000000000000004,267.0,0.1123595505617977,True,15.0,0.5,7.5,10000.0,2,60.00000000000001,11943.0,current_policy_fixed,30.000000000000004
2023-08-18,R5,Not recorded,2023-08-18 11:30:00,SPY230818C00436000,SPY230818C00439000,436.0,439.0,0.61,1.0,FCP-13dd181e68cee5417edb1841,2023-08-18 15:47:00,stop_2x_credit,1.64,-103.0,239.0,-0.4309623430962342,False,15.0,1.0,15.0,10000.0,6,-618.0,11325.0,current_policy_fixed,-103.0
2023-08-21,R4,Not recorded,2023-08-21 11:55:00,SPY230821C00437000,SPY230821C00440000,437.0,440.0,0.28,1.0,FCP-baf933bc6a62c469b2700fcd,2023-08-21 12:23:00,stop_2x_credit,0.62,-34.0,272.0,-0.125,False,15.0,0.5,7.5,10000.0,2,-68.0,11257.0,current_policy_fixed,-34.0
2023-08-22,R4,Not recorded,2023-08-22 12:05:00,SPY230822C00440000,SPY230822C00443000,440.0,443.0,0.28,1.0,FCP-9ce9dee1d5243facce61694a,2023-08-22 15:00:00,time_exit,0.07,21.000000000000004,272.0,0.0772058823529412,True,15.0,0.5,7.5,10000.0,2,42.00000000000001,11299.0,current_policy_fixed,21.000000000000004
2023-08-25,R5,Not recorded,2023-08-25 11:05:00,SPY230825P00433000,SPY230825P00430000,433.0,430.0,0.39,1.0,FCP-829fe60d0926ec94b8e374f5,2023-08-25 11:30:00,r5_late_runner_vwap_5m_close_below,0.1,29.000000000000004,261.0,0.1111111111111111,True,15.0,1.0,15.0,10000.0,5,145.00000000000003,11444.0,current_policy_fixed,29.000000000000004
2023-08-28,R4,Not recorded,2023-08-28 10:05:00,SPY230828P00441000,SPY230828P00438000,441.0,438.0,0.37,1.0,FCP-21a3ceb232b9040f0713f654,2023-08-28 12:58:00,profit_target_45%,0.18,19.0,263.0,0.0722433460076045,True,15.0,0.5,7.5,10000.0,2,38.0,11482.0,current_policy_fixed,19.0
2023-08-29,R4,Not recorded,2023-08-29 10:05:00,SPY230829P00443000,SPY230829P00440000,443.0,440.0,0.27,1.0,FCP-49e40f78ad52f2c93dbccbd5,2023-08-29 10:23:00,profit_target_45%,0.1399999999999999,13.000000000000004,273.0,0.0476190476190476,True,15.0,0.5,7.5,10000.0,2,26.000000000000007,11508.0,current_policy_fixed,13.000000000000004
2023-08-30,R4,Not recorded,2023-08-30 10:55:00,SPY230830P00449000,SPY230830P00446000,449.0,446.0,0.35,1.0,FCP-6ab66a83077579ed6398a460,2023-08-30 11:37:00,profit_target_45%,0.16,18.999999999999996,265.0,0.0716981132075471,True,15.0,0.5,7.5,10000.0,2,37.99999999999999,11546.0,current_policy_fixed,18.999999999999996
2023-09-01,R4,Not recorded,2023-09-01 12:00:00,SPY230901C00451000,SPY230901C00454000,451.0,454.0,0.22,1.0,FCP-8ce7b8eea0fcfbd3e62996ae,2023-09-01 12:28:00,stop_2x_credit,0.44,-22.0,278.0,-0.079136690647482,False,15.0,0.5,7.5,10000.0,2,-44.0,11502.0,current_policy_fixed,-22.0
2023-09-05,R5,Not recorded,2023-09-05 09:50:00,SPY230905C00451000,SPY230905C00454000,451.0,454.0,0.36,0.5,FCP-eb28a41bfa66198b069700e8,2023-09-05 10:37:00,profit_target_45%,0.19,17.0,264.0,0.0643939393939393,True,15.0,0.5,7.5,10000.0,2,34.0,11536.0,current_policy_fixed,17.0
2023-09-07,R5,Not recorded,2023-09-07 10:00:00,SPY230907C00445000,SPY230907C00448000,445.0,448.0,0.33,0.5,FCP-52c331f329838bc9198e9eac,2023-09-07 10:34:00,profit_target_45%,0.18,15.0,267.0,0.0561797752808988,True,15.0,0.5,7.5,10000.0,2,30.0,11566.0,current_policy_fixed,15.0
2023-09-15,R5,Not recorded,2023-09-15 09:50:00,SPY230915C00448000,SPY230915C00451000,448.0,451.0,0.3,0.5,FCP-0ce028ba3260611fd5bce3c2,2023-09-15 10:44:00,profit_target_45%,0.15,14.999999999999996,270.0,0.0555555555555555,True,15.0,0.5,7.5,10000.0,2,29.999999999999993,11596.0,current_policy_fixed,14.999999999999996
2023-09-18,R5,Not recorded,2023-09-18 09:50:00,SPY230918C00444000,SPY230918C00447000,444.0,447.0,0.33,0.5,FCP-19b88ac561ce6a2cd8560ba3,2023-09-18 10:50:00,time_exit,0.43,-9.999999999999998,267.0,-0.0374531835205992,False,15.0,0.5,7.5,10000.0,2,-19.999999999999996,11576.0,current_policy_fixed,-9.999999999999998
2023-09-19,R5,Not recorded,2023-09-19 09:50:00,SPY230919C00444000,SPY230919C00447000,444.0,447.0,0.33,0.5,FCP-ff4d3f18233285325fdde6d2,2023-09-19 10:01:00,profit_target_45%,0.16,17.0,267.0,0.0636704119850187,True,15.0,0.5,7.5,10000.0,2,34.0,11610.0,current_policy_fixed,17.0
2023-09-26,R4,Not recorded,2023-09-26 10:05:00,SPY230926C00430000,SPY230926C00433000,430.0,433.0,0.46,1.0,FCP-7f905b0dd998085c37594c2b,2023-09-26 13:38:00,profit_target_90%,0.04,42.00000000000001,254.0,0.1653543307086614,True,15.0,0.5,7.5,10000.0,2,84.00000000000001,11694.0,current_policy_fixed,42.00000000000001
2023-10-03,R5,Not recorded,2023-10-03 10:10:00,SPY231003C00425000,SPY231003C00428000,425.0,428.0,0.59,0.5,FCP-6eac391206d1cb8e3bcd0d34,2023-10-03 10:39:00,profit_target_45%,0.32,26.999999999999996,241.0,0.1120331950207468,True,15.0,0.5,7.5,10000.0,3,80.99999999999999,11775.0,current_policy_fixed,26.999999999999996
2023-10-09,R1,Not recorded,2023-10-09 10:55:00,SPY231009P00426000,SPY231009P00423000,426.0,423.0,0.44,1.0,FCP-7aa1b5c68f914ecaffa50b75,2023-10-09 11:23:00,profit_target_45%,0.24,20.0,256.0,0.078125,True,15.0,1.0,15.0,10000.0,5,100.0,11875.0,current_policy_fixed,20.0
2023-10-12,R4,Not recorded,2023-10-12 11:15:00,SPY231012P00435000,SPY231012P00432000,435.0,432.0,0.3,1.0,FCP-ebf7e6cc2621342c2465cbdf,2023-10-12 12:22:00,profit_target_45%,0.15,15.0,270.0,0.0555555555555555,True,15.0,0.5,7.5,10000.0,2,30.0,11905.0,current_policy_fixed,15.0
2023-10-13,R5,Not recorded,2023-10-13 11:00:00,SPY231013P00430000,SPY231013P00427000,430.0,427.0,0.28,1.0,FCP-f5235985584c9fb788699eea,2023-10-13 12:35:00,r5_late_runner_vwap_5m_close_below,0.1,18.000000000000004,272.0,0.0661764705882353,True,15.0,1.0,15.0,10000.0,5,90.00000000000001,11995.0,current_policy_fixed,18.000000000000004
2023-10-19,R5,Not recorded,2023-10-19 10:30:00,SPY231019C00430000,SPY231019C00433000,430.0,433.0,0.78,0.5,FCP-1928f404f638e47cb9f9655e,2023-10-19 11:30:00,time_exit,0.8999999999999999,-11.99999999999999,221.99999999999997,-0.054054054054054,False,15.0,0.5,7.5,10000.0,3,-35.99999999999997,11959.0,current_policy_fixed,-11.99999999999999
2023-10-20,R5,Not recorded,2023-10-20 10:00:00,SPY231020C00427000,SPY231020C00430000,427.0,430.0,0.58,0.5,FCP-92546377fefccecd2ead1059,2023-10-20 10:21:00,profit_target_45%,0.31,26.999999999999996,242.0,0.1115702479338842,True,15.0,0.5,7.5,10000.0,3,80.99999999999999,12040.0,current_policy_fixed,26.999999999999996
2023-10-20,R5,Not recorded,2023-10-20 11:50:00,SPY231020P00420000,SPY231020P00417000,420.0,417.0,0.22,1.0,FCP-5c430ba954f82dd3c9e0cdf0,2023-10-20 13:00:00,r5_late_runner_vwap_5m_close_below,0.09,13.0,278.0,0.0467625899280575,True,15.0,1.0,15.0,10000.0,5,65.0,12105.0,current_policy_fixed,13.0
2023-10-25,R5,Not recorded,2023-10-25 09:50:00,SPY231025C00421000,SPY231025C00424000,421.0,424.0,0.72,0.5,FCP-bf5c0b9d9fc95d35dff6d829,2023-10-25 10:50:00,time_exit,0.8899999999999999,-16.999999999999993,228.00000000000003,-0.0745614035087718,False,15.0,0.5,7.5,10000.0,3,-50.99999999999998,12054.0,current_policy_fixed,-16.999999999999993
2023-10-25,R5,Not recorded,2023-10-25 11:00:00,SPY231025P00417000,SPY231025P00414000,417.0,414.0,0.24,1.0,FCP-66c7f598f10fc64f4b441b8a,2023-10-25 13:03:00,stop_2x_credit,0.49,-25.0,276.0,-0.0905797101449275,False,15.0,1.0,15.0,10000.0,5,-125.0,11929.0,current_policy_fixed,-25.0
2023-10-27,R1,Not recorded,2023-10-27 10:40:00,SPY231027P00411000,SPY231027P00408000,411.0,408.0,0.53,1.0,FCP-6e3194be5dd83331d5cc42d7,2023-10-27 11:06:00,profit_target_45%,0.27,26.0,246.99999999999997,0.1052631578947368,True,15.0,1.0,15.0,10000.0,6,156.0,12085.0,current_policy_fixed,26.0
2023-11-01,R4,Not recorded,2023-11-01 10:05:00,SPY231101P00418000,SPY231101P00415000,418.0,415.0,0.63,1.0,FCP-22c3292ee7473dba9570e983,2023-11-01 11:05:00,profit_target_45%,0.3399999999999999,29.000000000000004,237.0,0.1223628691983122,True,15.0,0.5,7.5,10000.0,3,87.00000000000001,12172.0,current_policy_fixed,29.000000000000004
2023-11-02,R4,Not recorded,2023-11-02 10:15:00,SPY231102P00426000,SPY231102P00423000,426.0,423.0,0.57,1.0,FCP-75d5f96ddbf1e0a7307a6314,2023-11-02 10:29:00,profit_target_45%,0.3,26.999999999999996,243.00000000000003,0.111111111111111,True,15.0,0.5,7.5,10000.0,3,80.99999999999999,12253.0,current_policy_fixed,26.999999999999996
2023-11-03,R4,Not recorded,2023-11-03 10:30:00,SPY231103P00432000,SPY231103P00429000,432.0,429.0,0.29,1.0,FCP-bd03af35dc2d60d59058aa5a,2023-11-03 11:31:00,profit_target_45%,0.15,13.999999999999996,271.0,0.051660516605166,True,15.0,0.5,7.5,10000.0,2,27.999999999999993,12281.0,current_policy_fixed,13.999999999999996
2023-11-06,R1,Not recorded,2023-11-06 10:20:00,SPY231106P00434000,SPY231106P00431000,434.0,431.0,0.39,1.0,FCP-9f67f009f2fbc144835ce779,2023-11-06 10:41:00,profit_target_45%,0.21,18.000000000000004,261.0,0.0689655172413793,True,15.0,1.0,15.0,10000.0,5,90.00000000000001,12371.0,current_policy_fixed,18.000000000000004
2023-11-09,R4,Not recorded,2023-11-09 10:35:00,SPY231109C00438000,SPY231109C00441000,438.0,441.0,0.21,1.0,FCP-ba534118ce89b749f1ebcdce,2023-11-09 11:04:00,stop_2x_credit,0.42,-21.0,279.0,-0.075268817204301,False,15.0,0.5,7.5,10000.0,2,-42.0,12329.0,current_policy_fixed,-21.0
2023-11-21,R1,Not recorded,2023-11-21 11:05:00,SPY231121P00451000,SPY231121P00448000,451.0,448.0,0.22,1.0,FCP-c81ffbc14411ae8d72352384,2023-11-21 12:40:00,profit_target_45%,0.12,10.0,278.0,0.0359712230215827,True,15.0,1.0,15.0,10000.0,5,50.0,12379.0,current_policy_fixed,10.0
2023-11-22,R4,Not recorded,2023-11-22 10:35:00,SPY231122P00454000,SPY231122P00451000,454.0,451.0,0.22,1.0,FCP-30598d32bba0476d8895960f,2023-11-22 10:54:00,stop_2x_credit,0.49,-27.0,278.0,-0.0971223021582733,False,15.0,0.5,7.5,10000.0,2,-54.0,12325.0,current_policy_fixed,-27.0
2023-12-01,R4,Not recorded,2023-12-01 11:35:00,SPY231201P00456000,SPY231201P00453000,456.0,453.0,0.22,1.0,FCP-47054bbcf669294040235dc9,2023-12-01 11:54:00,profit_target_45%,0.12,10.0,278.0,0.0359712230215827,True,15.0,0.5,7.5,10000.0,2,20.0,12345.0,current_policy_fixed,10.0
2023-12-08,R5,Not recorded,2023-12-08 10:40:00,SPY231208C00460000,SPY231208C00463000,460.0,463.0,0.3,1.0,FCP-51b3739534603f3f87bddb59,2023-12-08 10:54:00,stop_2x_credit,0.6,-30.0,270.0,-0.1111111111111111,False,15.0,1.0,15.0,10000.0,5,-150.0,12195.0,current_policy_fixed,-30.0
2023-12-22,R4,Not recorded,2023-12-22 11:10:00,SPY231222P00473000,SPY231222P00470000,473.0,470.0,0.35,1.0,FCP-58f3d83b7be542268712a310,2023-12-22 12:43:00,profit_target_45%,0.19,15.999999999999998,265.0,0.060377358490566,True,15.0,0.5,7.5,10000.0,2,31.999999999999996,12227.0,current_policy_fixed,15.999999999999998
2023-12-27,R1,Not recorded,2023-12-27 10:15:00,SPY231227P00474000,SPY231227P00471000,474.0,471.0,0.25,1.0,FCP-62980021715272989873a52a,2023-12-27 11:36:00,profit_target_45%,0.12,13.0,275.0,0.0472727272727272,True,15.0,1.0,15.0,10000.0,5,65.0,12292.0,current_policy_fixed,13.0
2024-01-03,R5,Not recorded,2024-01-03 09:50:00,SPY240103C00472000,SPY240103C00475000,472.0,475.0,0.3,0.5,FCP-d58e4587f135a33e9500b823,2024-01-03 10:17:00,profit_target_45%,0.16,13.999999999999998,270.0,0.0518518518518518,True,15.0,0.5,7.5,10000.0,2,27.999999999999996,12320.0,current_policy_fixed,13.999999999999998
2024-01-10,R4,Not recorded,2024-01-10 10:45:00,SPY240110P00474000,SPY240110P00471000,474.0,471.0,0.28,1.0,FCP-b93077ac6bb152bd36d17047,2024-01-10 13:03:00,profit_target_45%,0.15,13.0,272.0,0.0477941176470588,True,15.0,0.5,7.5,10000.0,2,26.0,12346.0,current_policy_fixed,13.0
2024-01-16,R5,Not recorded,2024-01-16 09:50:00,SPY240116C00476000,SPY240116C00479000,476.0,479.0,0.25,0.5,FCP-3a04905d3ade01f62a881305,2024-01-16 10:17:00,stop_2x_credit,0.5,-25.0,275.0,-0.0909090909090909,False,15.0,0.5,7.5,10000.0,2,-50.0,12296.0,current_policy_fixed,-25.0
2024-01-22,R4,Not recorded,2024-01-22 10:10:00,SPY240122P00483000,SPY240122P00480000,483.0,480.0,0.25,1.0,FCP-c2c5678d586944c9d06e835e,2024-01-22 11:01:00,stop_2x_credit,0.56,-31.000000000000007,275.0,-0.1127272727272727,False,15.0,0.5,7.5,10000.0,2,-62.000000000000014,12234.0,current_policy_fixed,-31.000000000000007
2024-01-23,R1,Not recorded,2024-01-23 10:25:00,SPY240123P00482000,SPY240123P00479000,482.0,479.0,0.22,1.0,FCP-1c63410d2a71ab0659900adf,2024-01-23 12:48:00,profit_target_45%,0.12,10.0,278.0,0.0359712230215827,True,15.0,1.0,15.0,10000.0,5,50.0,12284.0,current_policy_fixed,10.0
2024-01-24,R4,Not recorded,2024-01-24 10:45:00,SPY240124P00487000,SPY240124P00484000,487.0,484.0,0.25,1.0,FCP-15b92456f182618777cdfa40,2024-01-24 13:40:00,stop_2x_credit,0.57,-31.999999999999996,275.0,-0.1163636363636363,False,15.0,0.5,7.5,10000.0,2,-63.99999999999999,12220.0,current_policy_fixed,-31.999999999999996
2024-01-25,R1,Not recorded,2024-01-25 12:10:00,SPY240125P00485000,SPY240125P00482000,485.0,482.0,0.18,1.0,FCP-72db943a750668f676395cb5,2024-01-25 14:03:00,stop_2x_credit,0.38,-20.0,282.0,-0.0709219858156028,False,15.0,1.0,15.0,10000.0,5,-100.0,12120.0,current_policy_fixed,-20.0
2024-01-26,R4,Not recorded,2024-01-26 10:50:00,SPY240126P00487000,SPY240126P00484000,487.0,484.0,0.22,1.0,FCP-00f96bb97bc439ef32db38a3,2024-01-26 12:37:00,stop_2x_credit,0.46,-24.000000000000004,278.0,-0.0863309352517985,False,15.0,0.5,7.5,10000.0,2,-48.00000000000001,12072.0,current_policy_fixed,-24.000000000000004
2024-01-29,R1,Not recorded,2024-01-29 10:30:00,SPY240129P00486000,SPY240129P00483000,486.0,483.0,0.21,1.0,FCP-9824c02edca41196abe9b00b,2024-01-29 11:47:00,profit_target_45%,0.11,10.0,279.0,0.03584229390681,True,15.0,1.0,15.0,10000.0,5,50.0,12122.0,current_policy_fixed,10.0
2024-01-31,R5,Not recorded,2024-01-31 09:50:00,SPY240131C00491000,SPY240131C00494000,491.0,494.0,0.34,0.5,FCP-fa0fef88006de46f91fdad56,2024-01-31 10:50:00,time_exit,0.2299999999999999,11.000000000000004,266.0,0.0413533834586466,True,15.0,0.5,7.5,10000.0,2,22.000000000000007,12144.0,current_policy_fixed,11.000000000000004
2024-01-31,R5,Not recorded,2024-01-31 11:00:00,SPY240131P00483000,SPY240131P00480000,483.0,480.0,0.21,1.0,FCP-05100fe7f0375b694b3d0b65,2024-01-31 14:55:00,r5_late_runner_vwap_5m_close_below,0.05,15.999999999999998,279.0,0.057347670250896,True,15.0,1.0,15.0,10000.0,5,79.99999999999999,12224.0,current_policy_fixed,15.999999999999998
2024-02-02,R4,Not recorded,2024-02-02 12:45:00,SPY240202P00491000,SPY240202P00488000,491.0,488.0,0.24,1.0,FCP-82ce9bccc6642de73259cfb8,2024-02-02 13:00:00,profit_target_45%,0.13,10.999999999999998,276.0,0.0398550724637681,True,15.0,0.5,7.5,10000.0,2,21.999999999999996,12246.0,current_policy_fixed,10.999999999999998
2024-02-08,R1,Not recorded,2024-02-08 10:25:00,SPY240208P00496000,SPY240208P00493000,496.0,493.0,0.22,1.0,FCP-2715c5ea8b3f2d06dda82feb,2024-02-08 12:26:00,profit_target_45%,0.12,10.0,278.0,0.0359712230215827,True,15.0,1.0,15.0,10000.0,5,50.0,12296.0,current_policy_fixed,10.0
2024-02-12,R1,Not recorded,2024-02-12 10:15:00,SPY240212P00500000,SPY240212P00497000,500.0,497.0,0.26,1.0,FCP-0352d156c661da4532b9dd0b,2024-02-12 10:46:00,profit_target_45%,0.14,12.0,274.0,0.0437956204379562,True,15.0,1.0,15.0,10000.0,5,60.0,12356.0,current_policy_fixed,12.0
2024-02-14,R1,Not recorded,2024-02-14 11:25:00,SPY240214P00495000,SPY240214P00492000,495.0,492.0,0.37,1.0,FCP-c947a7129ca993d95fbc9f27,2024-02-14 12:01:00,stop_2x_credit,0.8400000000000001,-47.00000000000001,263.0,-0.1787072243346008,False,15.0,1.0,15.0,10000.0,5,-235.00000000000003,12121.0,current_policy_fixed,-47.00000000000001
2024-02-16,R4,Not recorded,2024-02-16 11:45:00,SPY240216P00501000,SPY240216P00498000,501.0,498.0,0.32,1.0,FCP-c4be65821de9d5d9e6dd2879,2024-02-16 13:06:00,stop_2x_credit,0.67,-35.0,268.0,-0.1305970149253731,False,15.0,0.5,7.5,10000.0,2,-70.0,12051.0,current_policy_fixed,-35.0
2024-02-20,R5,Not recorded,2024-02-20 09:50:00,SPY240220C00499000,SPY240220C00502000,499.0,502.0,0.24,0.5,FCP-053edea0c452170eb44e7091,2024-02-20 10:50:00,time_exit,0.22,1.9999999999999991,276.0,0.0072463768115941,True,15.0,0.5,7.5,10000.0,2,3.9999999999999982,12055.0,current_policy_fixed,1.9999999999999991
2024-02-21,R1,Not recorded,2024-02-21 12:15:00,SPY240221P00494000,SPY240221P00491000,494.0,491.0,0.66,1.0,FCP-a24fca0382a72e48894a5454,2024-02-21 15:00:00,time_exit,0.74,-7.9999999999999964,234.0,-0.0341880341880341,False,15.0,1.0,15.0,10000.0,6,-47.99999999999998,12007.0,current_policy_fixed,-7.9999999999999964
2024-02-23,R4,Not recorded,2024-02-23 10:05:00,SPY240223P00508000,SPY240223P00505000,508.0,505.0,0.35,1.0,FCP-915bef95312b947b20c855b2,2024-02-23 11:04:00,stop_2x_credit,0.7,-35.0,265.0,-0.1320754716981132,False,15.0,0.5,7.5,10000.0,2,-70.0,11937.0,current_policy_fixed,-35.0
2024-02-27,R5,Not recorded,2024-02-27 09:50:00,SPY240227C00507000,SPY240227C00510000,507.0,510.0,0.42,0.5,FCP-7ca1c6ff88d7215155bba1ed,2024-02-27 10:50:00,time_exit,0.36,6.0,258.0,0.0232558139534883,True,15.0,0.5,7.5,10000.0,2,12.0,11949.0,current_policy_fixed,6.0
2024-03-01,R4,Not recorded,2024-03-01 10:45:00,SPY240301P00509000,SPY240301P00506000,509.0,506.0,0.35,1.0,FCP-fde46507a052d33f255723c8,2024-03-01 11:08:00,profit_target_45%,0.18,17.0,265.0,0.0641509433962264,True,15.0,0.5,7.5,10000.0,2,34.0,11983.0,current_policy_fixed,17.0
2024-03-06,R4,Not recorded,2024-03-06 11:35:00,SPY240306P00509000,SPY240306P00506000,509.0,506.0,0.24,1.0,FCP-d31cfb8b916cfb9d38473009,2024-03-06 11:51:00,profit_target_45%,0.13,10.999999999999998,276.0,0.0398550724637681,True,15.0,0.5,7.5,10000.0,2,21.999999999999996,12005.0,current_policy_fixed,10.999999999999998
2024-03-11,R5,Not recorded,2024-03-11 09:55:00,SPY240311C00512000,SPY240311C00515000,512.0,515.0,0.29,0.5,FCP-4025e96b60ff84fe98fd1edf,2024-03-11 10:24:00,profit_target_45%,0.15,13.999999999999998,271.0,0.051660516605166,True,15.0,0.5,7.5,10000.0,2,27.999999999999996,12033.0,current_policy_fixed,13.999999999999998
2024-03-14,R4,Not recorded,2024-03-14 10:00:00,SPY240314C00515000,SPY240314C00518000,515.0,518.0,0.73,1.0,FCP-bda0e6b95ec69e424343aa8e,2024-03-14 15:00:00,time_exit,0.1699999999999999,56.00000000000001,227.0,0.2466960352422907,True,15.0,0.5,7.5,10000.0,3,168.00000000000003,12201.0,current_policy_fixed,56.00000000000001
2024-03-15,R5,Not recorded,2024-03-15 09:50:00,SPY240315C00512000,SPY240315C00515000,512.0,515.0,0.47,0.5,FCP-72dad673962538762592d57c,2024-03-15 10:50:00,time_exit,0.77,-30.000000000000004,253.00000000000003,-0.1185770750988142,False,15.0,0.5,7.5,10000.0,2,-60.00000000000001,12141.0,current_policy_fixed,-30.000000000000004
2024-03-18,R4,Not recorded,2024-03-18 10:05:00,SPY240318P00513000,SPY240318P00510000,513.0,510.0,0.51,1.0,FCP-f8beed577109aa59223a301c,2024-03-18 10:25:00,profit_target_45%,0.2799999999999999,23.000000000000004,249.00000000000003,0.0923694779116466,True,15.0,0.5,7.5,10000.0,3,69.00000000000001,12210.0,current_policy_fixed,23.000000000000004
2024-03-22,R1,Not recorded,2024-03-22 10:30:00,SPY240322P00520000,SPY240322P00517000,520.0,517.0,0.2,1.0,FCP-38416dad91de545b47d120c1,2024-03-22 12:52:00,profit_target_45%,0.11,9.000000000000002,280.0,0.0321428571428571,True,15.0,1.0,15.0,10000.0,5,45.00000000000001,12255.0,current_policy_fixed,9.000000000000002
2024-03-28,R4,Not recorded,2024-03-28 11:25:00,SPY240328P00522000,SPY240328P00519000,522.0,519.0,0.2,1.0,FCP-52d6d2019f3aa1c873fb69b7,2024-03-28 14:57:00,profit_target_45%,0.09,11.000000000000002,280.0,0.0392857142857142,True,15.0,0.5,7.5,10000.0,2,22.000000000000004,12277.0,current_policy_fixed,11.000000000000002
2024-04-03,R4,Not recorded,2024-04-03 10:25:00,SPY240403P00519000,SPY240403P00516000,519.0,516.0,0.34,1.0,FCP-e00a593431bd4fdffdf671b3,2024-04-03 11:12:00,profit_target_45%,0.1699999999999999,17.000000000000004,266.0,0.0639097744360902,True,15.0,0.5,7.5,10000.0,2,34.00000000000001,12311.0,current_policy_fixed,17.000000000000004
2024-04-05,R5,Not recorded,2024-04-05 11:20:00,SPY240405C00518000,SPY240405C00521000,518.0,521.0,0.62,1.0,FCP-00c6f22dba83a7467041a4ea,2024-04-05 11:43:00,stop_2x_credit,1.24,-62.0,238.0,-0.2605042016806723,False,15.0,1.0,15.0,10000.0,6,-372.0,11939.0,current_policy_fixed,-62.0
2024-04-08,R1,Not recorded,2024-04-08 12:25:00,SPY240408P00517000,SPY240408P00514000,517.0,514.0,0.37,1.0,FCP-5451a9d5cb59014a8c4496b3,2024-04-08 12:35:00,profit_target_45%,0.2,17.0,263.0,0.0646387832699619,True,15.0,1.0,15.0,10000.0,5,85.0,12024.0,current_policy_fixed,17.0
2024-04-09,R4,Not recorded,2024-04-09 10:40:00,SPY240409C00517000,SPY240409C00520000,517.0,520.0,0.66,1.0,FCP-0a3ac5ecbac35f1629302789,2024-04-09 15:00:00,time_exit,0.35,31.000000000000007,234.0,0.1324786324786325,True,15.0,0.5,7.5,10000.0,3,93.00000000000004,12117.0,current_policy_fixed,31.000000000000007
2024-04-11,R5,Not recorded,2024-04-11 10:20:00,SPY240411C00514000,SPY240411C00517000,514.0,517.0,0.68,0.5,FCP-332d75865d28147b4e3d781a,2024-04-11 11:20:00,time_exit,0.8900000000000001,-21.000000000000007,231.99999999999997,-0.0905172413793103,False,15.0,0.5,7.5,10000.0,3,-63.00000000000002,12054.0,current_policy_fixed,-21.000000000000007
2024-04-11,R5,Not recorded,2024-04-11 11:20:00,SPY240411P00510000,SPY240411P00507000,510.0,507.0,0.18,1.0,FCP-3c6652edf70e701a0e3c8379,2024-04-11 15:55:00,r5_runner_eod_exit,0.01,17.0,282.0,0.0602836879432624,True,15.0,1.0,15.0,10000.0,5,85.0,12139.0,current_policy_fixed,17.0
2024-04-12,R1,Not recorded,2024-04-12 10:15:00,SPY240412P00513000,SPY240412P00510000,513.0,510.0,0.71,1.0,FCP-41784170b66c5385e976bfb1,2024-04-12 12:33:00,stop_2x_credit,1.54,-83.0,229.0,-0.3624454148471616,False,15.0,1.0,15.0,10000.0,6,-498.0,11641.0,current_policy_fixed,-83.0
2024-04-15,R1,Not recorded,2024-04-15 10:45:00,SPY240415C00514000,SPY240415C00517000,514.0,517.0,0.52,1.0,FCP-b6c91daf7fd71b282a0998c5,2024-04-15 12:25:00,profit_target_60%,0.18,34.0,248.0,0.1370967741935483,True,15.0,1.0,15.0,10000.0,6,204.0,11845.0,current_policy_fixed,34.0
2024-04-16,R5,Not recorded,2024-04-16 09:50:00,SPY240416C00505000,SPY240416C00508000,505.0,508.0,0.87,0.5,FCP-a08171e12a8e16bf54203790,2024-04-16 10:50:00,time_exit,0.77,9.999999999999998,213.0,0.0469483568075117,True,15.0,0.5,7.5,10000.0,3,29.999999999999993,11875.0,current_policy_fixed,9.999999999999998
2024-04-16,R5,Not recorded,2024-04-16 11:00:00,SPY240416P00499000,SPY240416P00496000,499.0,496.0,0.33,1.0,FCP-266ffdc13c0f5c518e7f0027,2024-04-16 12:00:00,r5_late_runner_vwap_5m_close_below,0.21,12.000000000000002,267.0,0.0449438202247191,True,15.0,1.0,15.0,10000.0,5,60.00000000000001,11935.0,current_policy_fixed,12.000000000000002
2024-04-17,R5,Not recorded,2024-04-17 11:00:00,SPY240417P00500000,SPY240417P00497000,500.0,497.0,0.34,1.0,FCP-340f5a138651c6cc9e7bc81e,2024-04-17 11:33:00,stop_2x_credit,0.73,-38.99999999999999,266.0,-0.1466165413533834,False,15.0,1.0,15.0,10000.0,5,-194.99999999999997,11740.0,current_policy_fixed,-38.99999999999999
2024-04-22,R1,Not recorded,2024-04-22 10:25:00,SPY240422P00495000,SPY240422P00492000,495.0,492.0,0.5,1.0,FCP-6d7e78474bfa15697cabd3bb,2024-04-22 12:00:00,profit_target_45%,0.26,24.0,250.0,0.096,True,15.0,1.0,15.0,10000.0,6,144.0,11884.0,current_policy_fixed,24.0
2024-04-29,R4,Not recorded,2024-04-29 10:20:00,SPY240429P00509000,SPY240429P00506000,509.0,506.0,0.38,1.0,FCP-491ff6cbb473570ef600f0ee,2024-04-29 13:26:00,profit_target_45%,0.2,18.0,262.0,0.0687022900763358,True,15.0,0.5,7.5,10000.0,2,36.0,11920.0,current_policy_fixed,18.0
2024-04-30,R1,Not recorded,2024-04-30 10:20:00,SPY240430C00511000,SPY240430C00514000,511.0,514.0,0.4,1.0,FCP-3270d2e47214856277f097de,2024-04-30 11:09:00,profit_target_60%,0.16,24.000000000000004,260.0,0.0923076923076923,True,15.0,1.0,15.0,10000.0,5,120.0,12040.0,current_policy_fixed,24.000000000000004
2024-05-01,R5,Not recorded,2024-05-01 09:50:00,SPY240501C00502000,SPY240501C00505000,502.0,505.0,0.94,0.5,FCP-55cff5ce2e2d2ae3d180588b,2024-05-01 10:50:00,time_exit,1.0,-5.999999999999995,206.0,-0.0291262135922329,False,15.0,0.5,7.5,10000.0,3,-17.999999999999986,12022.0,current_policy_fixed,-5.999999999999995
2024-05-01,R5,Not recorded,2024-05-01 11:10:00,SPY240501P00495000,SPY240501P00492000,495.0,492.0,0.19,1.0,FCP-700c67d591af2195b403bbd1,2024-05-01 15:55:00,r5_late_runner_vwap_5m_close_below,0.01,18.0,281.0,0.0640569395017793,True,15.0,1.0,15.0,10000.0,5,90.0,12112.0,current_policy_fixed,18.0
2024-05-02,R1,Not recorded,2024-05-02 10:10:00,SPY240502C00501000,SPY240502C00504000,501.0,504.0,0.82,1.0,FCP-e3eae04fe7f157d2876c06cb,2024-05-02 11:08:00,stop_2x_credit,1.67,-85.0,218.00000000000003,-0.3899082568807339,False,15.0,1.0,15.0,10000.0,6,-510.0,11602.0,current_policy_fixed,-85.0
2024-05-07,R4,Not recorded,2024-05-07 10:20:00,SPY240507P00516000,SPY240507P00513000,516.0,513.0,0.26,1.0,FCP-522c4f728633a1f7e8c04b6c,2024-05-07 11:55:00,profit_target_45%,0.1399999999999999,12.000000000000002,274.0,0.0437956204379562,True,15.0,0.5,7.5,10000.0,2,24.000000000000004,11626.0,current_policy_fixed,12.000000000000002
2024-05-08,R5,Not recorded,2024-05-08 11:45:00,SPY240508C00518000,SPY240508C00521000,518.0,521.0,0.23,1.0,FCP-7e20f0d4ee577f9495b002d9,2024-05-08 13:39:00,profit_target_60%,0.09,14.000000000000002,277.0,0.0505415162454873,True,15.0,1.0,15.0,10000.0,5,70.00000000000001,11696.0,current_policy_fixed,14.000000000000002
2024-05-09,R4,Not recorded,2024-05-09 10:25:00,SPY240509P00517000,SPY240509P00514000,517.0,514.0,0.33,1.0,FCP-fb2e5829f69aa4c12d635af0,2024-05-09 10:55:00,profit_target_45%,0.1699999999999999,16.000000000000004,267.0,0.0599250936329588,True,15.0,0.5,7.5,10000.0,2,32.00000000000001,11728.0,current_policy_fixed,16.000000000000004
2024-05-15,R4,Not recorded,2024-05-15 11:00:00,SPY240515P00526000,SPY240515P00523000,526.0,523.0,0.29,1.0,FCP-e0dd64a27cb08b9558025e68,2024-05-15 12:29:00,profit_target_45%,0.15,13.999999999999998,271.0,0.051660516605166,True,15.0,0.5,7.5,10000.0,2,27.999999999999996,11756.0,current_policy_fixed,13.999999999999998
2024-05-16,R4,Not recorded,2024-05-16 10:15:00,SPY240516P00529000,SPY240516P00526000,529.0,526.0,0.24,1.0,FCP-4ba05967924c752a4132f1a5,2024-05-16 10:56:00,profit_target_45%,0.13,10.999999999999998,276.0,0.0398550724637681,True,15.0,0.5,7.5,10000.0,2,21.999999999999996,11778.0,current_policy_fixed,10.999999999999998
2024-05-17,R5,Not recorded,2024-05-17 09:50:00,SPY240517C00530000,SPY240517C00533000,530.0,533.0,0.3,0.5,FCP-e67708d57b16729bd2968394,2024-05-17 10:50:00,time_exit,0.35,-4.999999999999999,270.0,-0.0185185185185185,False,15.0,0.5,7.5,10000.0,2,-9.999999999999998,11768.0,current_policy_fixed,-4.999999999999999
2024-05-23,R4,Not recorded,2024-05-23 11:00:00,SPY240523C00531000,SPY240523C00534000,531.0,534.0,0.29,1.0,FCP-3370e155099404034d0ea6c6,2024-05-23 11:10:00,stop_2x_credit,0.67,-38.00000000000001,271.0,-0.1402214022140221,False,15.0,0.5,7.5,10000.0,2,-76.00000000000001,11692.0,current_policy_fixed,-38.00000000000001
2024-05-31,R5,Not recorded,2024-05-31 10:25:00,SPY240531C00522000,SPY240531C00525000,522.0,525.0,0.63,0.5,FCP-b38dbfe21833bbd54b24b8ac,2024-05-31 11:07:00,profit_target_45%,0.33,30.0,237.0,0.1265822784810126,True,15.0,0.5,7.5,10000.0,3,90.0,11782.0,current_policy_fixed,30.0
2024-06-04,R1,Not recorded,2024-06-04 10:15:00,SPY240604P00525000,SPY240604P00522000,525.0,522.0,0.62,1.0,FCP-5b4377211932f1ce541258db,2024-06-04 10:31:00,profit_target_45%,0.34,27.999999999999996,238.0,0.1176470588235294,True,15.0,1.0,15.0,10000.0,6,167.99999999999997,11950.0,current_policy_fixed,27.999999999999996
2024-06-05,R4,Not recorded,2024-06-05 10:40:00,SPY240605P00529000,SPY240605P00526000,529.0,526.0,0.32,1.0,FCP-f3eb451da12f30927c71f3db,2024-06-05 11:18:00,profit_target_45%,0.17,15.0,268.0,0.0559701492537313,True,15.0,0.5,7.5,10000.0,2,30.0,11980.0,current_policy_fixed,15.0
2024-06-13,R1,Not recorded,2024-06-13 10:30:00,SPY240613C00543000,SPY240613C00546000,543.0,546.0,0.3,1.0,FCP-30ad0984077b51140d2a958a,2024-06-13 12:30:00,profit_target_60%,0.11,19.0,270.0,0.0703703703703703,True,15.0,1.0,15.0,10000.0,5,95.0,12075.0,current_policy_fixed,19.0
2024-06-17,R4,Not recorded,2024-06-17 11:15:00,SPY240617P00542000,SPY240617P00539000,542.0,539.0,0.2,1.0,FCP-c782d468e9381d5c417155c3,2024-06-17 12:25:00,profit_target_45%,0.11,9.0,280.0,0.0321428571428571,True,15.0,0.5,7.5,10000.0,2,18.0,12093.0,current_policy_fixed,9.0
2024-06-18,R1,Not recorded,2024-06-18 10:55:00,SPY240618P00546000,SPY240618P00543000,546.0,543.0,0.41,1.0,FCP-5b3f30f4b5f668b7b1b05534,2024-06-18 11:59:00,profit_target_45%,0.22,18.999999999999993,259.0,0.0733590733590733,True,15.0,1.0,15.0,10000.0,5,94.99999999999996,12188.0,current_policy_fixed,18.999999999999993
2024-06-20,R4,Not recorded,2024-06-20 12:40:00,SPY240620C00548000,SPY240620C00551000,548.0,551.0,0.4,1.0,FCP-dd84f57aee24c1efc22f85c8,2024-06-20 15:00:00,time_exit,0.19,21.000000000000004,260.0,0.0807692307692307,True,15.0,0.5,7.5,10000.0,2,42.00000000000001,12230.0,current_policy_fixed,21.000000000000004
2024-06-21,R5,Not recorded,2024-06-21 09:50:00,SPY240621C00546000,SPY240621C00549000,546.0,549.0,0.36,0.5,FCP-6e574c1072677eb951589f2a,2024-06-21 10:50:00,time_exit,0.38,-2.0000000000000018,264.0,-0.0075757575757575,False,15.0,0.5,7.5,10000.0,2,-4.0000000000000036,12226.0,current_policy_fixed,-2.0000000000000018
2024-06-24,R4,Not recorded,2024-06-24 10:35:00,SPY240624P00544000,SPY240624P00541000,544.0,541.0,0.21,1.0,FCP-0bffffbc81f9a481f6ba329c,2024-06-24 10:50:00,stop_2x_credit,0.5,-29.000000000000004,279.0,-0.1039426523297491,False,15.0,0.5,7.5,10000.0,2,-58.00000000000001,12168.0,current_policy_fixed,-29.000000000000004
2024-06-25,R1,Not recorded,2024-06-25 12:40:00,SPY240625P00542000,SPY240625P00539000,542.0,539.0,0.21,1.0,FCP-3a366c642cfff0a45e8c89c1,2024-06-25 13:06:00,stop_2x_credit,0.42,-21.0,279.0,-0.075268817204301,False,15.0,1.0,15.0,10000.0,5,-105.0,12063.0,current_policy_fixed,-21.0
2024-06-26,R4,Not recorded,2024-06-26 11:55:00,SPY240626P00544000,SPY240626P00541000,544.0,541.0,0.27,1.0,FCP-702e0aca651a5c0947fa181d,2024-06-26 13:20:00,stop_2x_credit,0.54,-27.0,273.0,-0.0989010989010989,False,15.0,0.5,7.5,10000.0,2,-54.0,12009.0,current_policy_fixed,-27.0
2024-06-27,R1,Not recorded,2024-06-27 10:20:00,SPY240627C00548000,SPY240627C00551000,548.0,551.0,0.24,1.0,FCP-4909bfca9bb36ffce59bffbe,2024-06-27 11:29:00,profit_target_60%,0.09,14.999999999999996,276.0,0.0543478260869565,True,15.0,1.0,15.0,10000.0,5,74.99999999999999,12084.0,current_policy_fixed,14.999999999999996
2024-06-28,R4,Not recorded,2024-06-28 10:45:00,SPY240628P00548000,SPY240628P00545000,548.0,545.0,0.38,1.0,FCP-e0e53e41c40896c1236fc740,2024-06-28 11:02:00,stop_2x_credit,0.93,-54.99999999999999,262.0,-0.2099236641221373,False,15.0,0.5,7.5,10000.0,2,-110.0,11974.0,current_policy_fixed,-54.99999999999999
2024-07-01,R1,Not recorded,2024-07-01 10:45:00,SPY240701C00545000,SPY240701C00548000,545.0,548.0,0.45,1.0,FCP-790c6fda4a80b4850479699c,2024-07-01 14:18:00,stop_2x_credit,0.92,-46.99999999999999,254.99999999999997,-0.184313725490196,False,15.0,1.0,15.0,10000.0,5,-234.99999999999997,11739.0,current_policy_fixed,-46.99999999999999
2024-07-03,R4,Not recorded,2024-07-03 10:05:00,SPY240703P00548000,SPY240703P00545000,548.0,545.0,0.23,1.0,FCP-9aa2567d4df39601d30ce355,2024-07-03 11:07:00,profit_target_45%,0.12,11.000000000000002,277.0,0.03971119133574,True,15.0,0.5,7.5,10000.0,2,22.000000000000004,11761.0,current_policy_fixed,11.000000000000002
2024-07-10,R4,Not recorded,2024-07-10 10:20:00,SPY240710P00556000,SPY240710P00553000,556.0,553.0,0.23,1.0,FCP-fdac75d0cda8d1d5c16b5f2f,2024-07-10 12:04:00,profit_target_45%,0.11,12.000000000000002,277.0,0.0433212996389891,True,15.0,0.5,7.5,10000.0,2,24.000000000000004,11785.0,current_policy_fixed,12.000000000000002
2024-07-11,R4,Not recorded,2024-07-11 10:30:00,SPY240711C00561000,SPY240711C00564000,561.0,564.0,0.52,1.0,FCP-de325dcdc33910aecf8af88c,2024-07-11 12:07:00,profit_target_90%,0.0499999999999999,47.0,248.0,0.189516129032258,True,15.0,0.5,7.5,10000.0,3,141.0,11926.0,current_policy_fixed,47.0
2024-07-18,R1,Not recorded,2024-07-18 10:20:00,SPY240718C00562000,SPY240718C00565000,562.0,565.0,0.2,1.0,FCP-4d9f9d09c20f7fd3e98fd0ab,2024-07-18 10:35:00,profit_target_60%,0.08,12.000000000000002,280.0,0.0428571428571428,True,15.0,1.0,15.0,10000.0,5,60.00000000000001,11986.0,current_policy_fixed,12.000000000000002
2024-07-22,R1,Not recorded,2024-07-22 10:15:00,SPY240722P00551000,SPY240722P00548000,551.0,548.0,0.5,1.0,FCP-3fc6d75a49968c22e0c7ced1,2024-07-22 10:40:00,profit_target_45%,0.26,24.0,250.0,0.096,True,15.0,1.0,15.0,10000.0,6,144.0,12130.0,current_policy_fixed,24.0
2024-07-23,R4,Not recorded,2024-07-23 10:05:00,SPY240723P00554000,SPY240723P00551000,554.0,551.0,0.52,1.0,FCP-b0a62d83cda147606e4f0ade,2024-07-23 11:19:00,profit_target_45%,0.28,24.0,248.0,0.0967741935483871,True,15.0,0.5,7.5,10000.0,3,72.0,12202.0,current_policy_fixed,24.0
2024-07-30,R1,Not recorded,2024-07-30 11:10:00,SPY240730C00543000,SPY240730C00546000,543.0,546.0,0.74,1.0,FCP-61ddf2e0a2eaf7636c7a7e09,2024-07-30 12:53:00,profit_target_60%,0.29,45.0,225.99999999999997,0.1991150442477876,True,15.0,1.0,15.0,10000.0,6,270.0,12472.0,current_policy_fixed,45.0
2024-08-01,R4,Not recorded,2024-08-01 11:00:00,SPY240801C00549000,SPY240801C00552000,549.0,552.0,0.78,1.0,FCP-b194c4b4080ca1758d80aeeb,2024-08-01 13:37:00,profit_target_90%,0.07,71.0,221.99999999999997,0.3198198198198199,True,15.0,0.5,7.5,10000.0,3,213.0,12685.0,current_policy_fixed,71.0
2024-08-02,R5,Not recorded,2024-08-02 10:00:00,SPY240802C00540000,SPY240802C00543000,540.0,543.0,0.38,0.5,FCP-8abe8e8effb4fba87eb23a1b,2024-08-02 10:09:00,profit_target_45%,0.2,18.0,262.0,0.0687022900763358,True,15.0,0.5,7.5,10000.0,2,36.0,12721.0,current_policy_fixed,18.0
2024-08-02,R5,Not recorded,2024-08-02 11:40:00,SPY240802P00528000,SPY240802P00525000,528.0,525.0,0.58,1.0,FCP-bd0e8c52321a8fc33cab172e,2024-08-02 14:35:00,r5_late_runner_vwap_5m_close_below,0.26,31.999999999999996,242.0,0.1322314049586776,True,15.0,1.0,15.0,10000.0,6,191.99999999999997,12913.0,current_policy_fixed,31.999999999999996
2024-08-07,R1,Not recorded,2024-08-07 11:55:00,SPY240807P00526000,SPY240807P00523000,526.0,523.0,0.59,1.0,FCP-4320e30767b3ce3537dc3dde,2024-08-07 12:51:00,stop_2x_credit,1.24,-65.0,241.0,-0.2697095435684647,False,15.0,1.0,15.0,10000.0,6,-390.0,12523.0,current_policy_fixed,-65.0
2024-08-12,R4,Not recorded,2024-08-12 11:20:00,SPY240812P00534000,SPY240812P00531000,534.0,531.0,0.57,1.0,FCP-920fc8c14334ef37147c438b,2024-08-12 11:24:00,stop_2x_credit,1.17,-60.0,243.00000000000003,-0.2469135802469135,False,15.0,0.5,7.5,10000.0,3,-180.0,12343.0,current_policy_fixed,-60.0
2024-08-13,R4,Not recorded,2024-08-13 10:10:00,SPY240813P00536000,SPY240813P00533000,536.0,533.0,0.66,1.0,FCP-8a57482f2d9d6880c21e3315,2024-08-13 10:50:00,profit_target_45%,0.36,30.000000000000004,234.0,0.1282051282051282,True,15.0,0.5,7.5,10000.0,3,90.00000000000001,12433.0,current_policy_fixed,30.000000000000004
2024-08-14,R4,Not recorded,2024-08-14 11:50:00,SPY240814P00542000,SPY240814P00539000,542.0,539.0,0.37,1.0,FCP-87c61478dfad3c336704e470,2024-08-14 12:26:00,stop_2x_credit,0.7699999999999999,-39.99999999999999,263.0,-0.1520912547528516,False,15.0,0.5,7.5,10000.0,2,-79.99999999999999,12353.0,current_policy_fixed,-39.99999999999999
2024-08-15,R4,Not recorded,2024-08-15 10:15:00,SPY240815P00548000,SPY240815P00545000,548.0,545.0,0.45,1.0,FCP-a66cc6a56e9345aa460d7d3c,2024-08-15 10:42:00,profit_target_45%,0.24,21.000000000000004,254.99999999999997,0.0823529411764706,True,15.0,0.5,7.5,10000.0,2,42.00000000000001,12395.0,current_policy_fixed,21.000000000000004
2024-08-19,R4,Not recorded,2024-08-19 10:35:00,SPY240819P00554000,SPY240819P00551000,554.0,551.0,0.3,1.0,FCP-a0ef5566c79719293b8b2382,2024-08-19 10:54:00,profit_target_45%,0.16,13.999999999999998,270.0,0.0518518518518518,True,15.0,0.5,7.5,10000.0,2,27.999999999999996,12423.0,current_policy_fixed,13.999999999999998
2024-08-20,R4,Not recorded,2024-08-20 10:40:00,SPY240820C00560000,SPY240820C00563000,560.0,563.0,0.37,1.0,FCP-34d7175fd6c53a54e13ad03b,2024-08-20 15:00:00,time_exit,0.18,19.0,263.0,0.0722433460076045,True,15.0,0.5,7.5,10000.0,2,38.0,12461.0,current_policy_fixed,19.0
2024-08-22,R4,Not recorded,2024-08-22 11:30:00,SPY240822C00561000,SPY240822C00564000,561.0,564.0,0.39,1.0,FCP-11f14d6aa772a892eacfe4ee,2024-08-22 13:49:00,profit_target_90%,0.03,36.0,261.0,0.1379310344827586,True,15.0,0.5,7.5,10000.0,2,72.0,12533.0,current_policy_fixed,36.0
2024-08-23,R1,Not recorded,2024-08-23 10:50:00,SPY240823P00558000,SPY240823P00555000,558.0,555.0,0.71,1.0,FCP-77536fabe545335705cbf880,2024-08-23 11:10:00,profit_target_45%,0.39,31.999999999999996,229.0,0.1397379912663755,True,15.0,1.0,15.0,10000.0,6,191.99999999999997,12725.0,current_policy_fixed,31.999999999999996
2024-08-26,R4,Not recorded,2024-08-26 11:40:00,SPY240826C00562000,SPY240826C00565000,562.0,565.0,0.39,1.0,FCP-02105dd95195fed73ca86af1,2024-08-26 15:00:00,time_exit,0.15,24.000000000000004,261.0,0.0919540229885057,True,15.0,0.5,7.5,10000.0,2,48.00000000000001,12773.0,current_policy_fixed,24.000000000000004
2024-08-27,R5,Not recorded,2024-08-27 09:50:00,SPY240827C00561000,SPY240827C00564000,561.0,564.0,0.46,0.5,FCP-0bea886e56833bae850cf5ab,2024-08-27 10:30:00,stop_2x_credit,0.95,-49.00000000000001,254.0,-0.1929133858267716,False,15.0,0.5,7.5,10000.0,2,-98.0,12675.0,current_policy_fixed,-49.00000000000001
2024-08-28,R4,Not recorded,2024-08-28 11:20:00,SPY240828C00559000,SPY240828C00562000,559.0,562.0,0.96,1.0,FCP-3430cfc362cba5a1f501cc02,2024-08-28 15:00:00,time_exit,0.95,1.0000000000000009,204.0,0.0049019607843137,True,15.0,0.5,7.5,10000.0,3,3.0000000000000027,12678.0,current_policy_fixed,1.0000000000000009
2024-08-30,R1,Not recorded,2024-08-30 11:05:00,SPY240830P00559000,SPY240830P00556000,559.0,556.0,0.49,1.0,FCP-f0d289e4f727f783201e1716,2024-08-30 11:32:00,stop_2x_credit,1.11,-62.000000000000014,250.99999999999997,-0.2470119521912351,False,15.0,1.0,15.0,10000.0,5,-310.00000000000006,12368.0,current_policy_fixed,-62.000000000000014
2024-09-03,R4,Not recorded,2024-09-03 10:00:00,SPY240903C00561000,SPY240903C00564000,561.0,564.0,0.55,1.0,FCP-65bbb3b6812b5672b8896736,2024-09-03 12:29:00,profit_target_90%,0.05,50.0,245.00000000000003,0.2040816326530612,True,15.0,0.5,7.5,10000.0,3,150.0,12518.0,current_policy_fixed,50.0
2024-09-06,R5,Not recorded,2024-09-06 10:10:00,SPY240906C00549000,SPY240906C00552000,549.0,552.0,0.82,0.5,FCP-55bfcf02fb57d7b4290ba63b,2024-09-06 10:26:00,profit_target_45%,0.4099999999999999,41.0,218.00000000000003,0.1880733944954128,True,15.0,0.5,7.5,10000.0,3,123.0,12641.0,current_policy_fixed,41.0
2024-09-09,R1,Not recorded,2024-09-09 10:35:00,SPY240909P00543000,SPY240909P00540000,543.0,540.0,0.66,1.0,FCP-00cc1578cb8cfc81225a9e9a,2024-09-09 11:46:00,profit_target_45%,0.36,30.0,234.0,0.1282051282051282,True,15.0,1.0,15.0,10000.0,6,180.0,12821.0,current_policy_fixed,30.0
2024-09-10,R4,Not recorded,2024-09-10 12:10:00,SPY240910C00545000,SPY240910C00548000,545.0,548.0,0.68,1.0,FCP-f4625d7745409cdf407410ff,2024-09-10 13:11:00,stop_2x_credit,1.42,-73.99999999999999,231.99999999999997,-0.3189655172413793,False,15.0,0.5,7.5,10000.0,3,-221.99999999999991,12599.0,current_policy_fixed,-73.99999999999999
2024-09-13,R4,Not recorded,2024-09-13 10:05:00,SPY240913P00560000,SPY240913P00557000,560.0,557.0,0.66,1.0,FCP-731aedcb45eeff9e98356350,2024-09-13 10:45:00,profit_target_45%,0.35,31.0,234.0,0.1324786324786324,True,15.0,0.5,7.5,10000.0,3,93.0,12692.0,current_policy_fixed,31.0
2024-09-17,R4,Not recorded,2024-09-17 10:15:00,SPY240917P00564000,SPY240917P00561000,564.0,561.0,0.42,1.0,FCP-6f9faa9666d715de68191c6e,2024-09-17 12:22:00,stop_2x_credit,0.8499999999999999,-42.999999999999986,258.0,-0.1666666666666666,False,15.0,0.5,7.5,10000.0,2,-85.99999999999997,12606.0,current_policy_fixed,-42.999999999999986
2024-09-18,R1,Not recorded,2024-09-18 10:15:00,SPY240918P00561000,SPY240918P00558000,561.0,558.0,0.94,1.0,FCP-a36d0fbd96ee006a98cc6b05,2024-09-18 14:01:00,profit_target_45%,0.43,51.0,206.0,0.2475728155339805,True,15.0,1.0,15.0,10000.0,7,357.0,12963.0,current_policy_fixed,51.0
2024-09-19,R4,Not recorded,2024-09-19 10:40:00,SPY240919P00570000,SPY240919P00567000,570.0,567.0,0.49,1.0,FCP-35c30be07ed9f412c9817697,2024-09-19 11:09:00,stop_2x_credit,1.0,-50.99999999999999,250.99999999999997,-0.2031872509960159,False,15.0,0.5,7.5,10000.0,2,-102.0,12861.0,current_policy_fixed,-50.99999999999999
2024-09-20,R5,Not recorded,2024-09-20 09:50:00,SPY240920C00569000,SPY240920C00572000,569.0,572.0,0.67,0.5,FCP-67e49de3c5b2a36897cb270f,2024-09-20 10:50:00,time_exit,0.44,23.000000000000004,233.0,0.0987124463519313,True,15.0,0.5,7.5,10000.0,3,69.00000000000001,12930.0,current_policy_fixed,23.000000000000004
2024-09-25,R4,Not recorded,2024-09-25 10:15:00,SPY240925P00570000,SPY240925P00567000,570.0,567.0,0.31,1.0,FCP-31b18ab3e1320e1a7177549d,2024-09-25 13:00:00,stop_2x_credit,0.62,-31.0,269.0,-0.1152416356877323,False,15.0,0.5,7.5,10000.0,2,-62.0,12868.0,current_policy_fixed,-31.0
2024-10-01,R1,Not recorded,2024-10-01 10:05:00,SPY241001C00571000,SPY241001C00574000,571.0,574.0,0.82,1.0,FCP-d66f8d37d7a341343a20647c,2024-10-01 10:28:00,profit_target_60%,0.32,49.99999999999999,218.00000000000003,0.2293577981651375,True,15.0,1.0,15.0,10000.0,6,299.99999999999994,13168.0,current_policy_fixed,49.99999999999999
2024-10-03,R1,Not recorded,2024-10-03 10:25:00,SPY241003P00566000,SPY241003P00563000,566.0,563.0,0.65,1.0,FCP-2fa5bedd61522127fece7fca,2024-10-03 11:41:00,profit_target_45%,0.31,34.0,235.0,0.1446808510638297,True,15.0,1.0,15.0,10000.0,6,204.0,13372.0,current_policy_fixed,34.0
2024-10-15,R1,Not recorded,2024-10-15 10:20:00,SPY241015P00583000,SPY241015P00580000,583.0,580.0,0.36,1.0,FCP-e79ecdc8e87fbc88853b3f39,2024-10-15 10:32:00,stop_2x_credit,0.77,-41.0,264.0,-0.1553030303030303,False,15.0,1.0,15.0,10000.0,5,-205.0,13167.0,current_policy_fixed,-41.0
2024-10-23,R1,Not recorded,2024-10-23 11:35:00,SPY241023C00580000,SPY241023C00583000,580.0,583.0,0.51,1.0,FCP-e8cc9605a61681d1f85909bf,2024-10-23 13:02:00,profit_target_60%,0.18,33.0,249.00000000000003,0.1325301204819277,True,15.0,1.0,15.0,10000.0,6,198.0,13365.0,current_policy_fixed,33.0
2024-10-25,R4,Not recorded,2024-10-25 11:40:00,SPY241025P00580000,SPY241025P00577000,580.0,577.0,0.26,1.0,FCP-a4278c2a7c40f505c34a67ca,2024-10-25 12:30:00,profit_target_45%,0.14,12.0,274.0,0.0437956204379562,True,15.0,0.5,7.5,10000.0,2,24.0,13389.0,current_policy_fixed,12.0
2024-10-29,R5,Not recorded,2024-10-29 09:50:00,SPY241029C00581000,SPY241029C00584000,581.0,584.0,0.47,0.5,FCP-838a88837753a8091ddd0d4f,2024-10-29 10:23:00,stop_2x_credit,0.98,-51.0,253.00000000000003,-0.2015810276679841,False,15.0,0.5,7.5,10000.0,2,-102.0,13287.0,current_policy_fixed,-51.0
2024-10-30,R4,Not recorded,2024-10-30 11:45:00,SPY241030P00582000,SPY241030P00579000,582.0,579.0,0.45,1.0,FCP-d84bd6b8af0fc7315b2bb2a6,2024-10-30 13:30:00,stop_2x_credit,0.96,-51.0,254.99999999999997,-0.2,False,15.0,0.5,7.5,10000.0,2,-102.0,13185.0,current_policy_fixed,-51.0
2024-11-13,R1,Not recorded,2024-11-13 10:35:00,SPY241113P00595000,SPY241113P00592000,595.0,592.0,0.27,1.0,FCP-18b25b205b604054be4b7eed,2024-11-13 11:22:00,profit_target_45%,0.14,13.0,273.0,0.0476190476190476,True,15.0,1.0,15.0,10000.0,5,65.0,13250.0,current_policy_fixed,13.0
2024-11-14,R1,Not recorded,2024-11-14 10:30:00,SPY241114P00595000,SPY241114P00592000,595.0,592.0,0.38,1.0,FCP-0adfd1ec1a4d0c6000eb22dd,2024-11-14 12:22:00,stop_2x_credit,0.7999999999999999,-41.99999999999999,262.0,-0.1603053435114503,False,15.0,1.0,15.0,10000.0,5,-209.99999999999997,13040.0,current_policy_fixed,-41.99999999999999
2024-11-15,R5,Not recorded,2024-11-15 11:30:00,SPY241115P00585000,SPY241115P00582000,585.0,582.0,0.21,1.0,FCP-6b55083e462ede1ef77f0ab9,2024-11-15 11:37:00,stop_2x_credit,0.42,-21.000000000000004,279.0,-0.075268817204301,False,15.0,1.0,15.0,10000.0,5,-105.0,12935.0,current_policy_fixed,-21.000000000000004
2024-11-22,R1,Not recorded,2024-11-22 10:30:00,SPY241122P00592000,SPY241122P00589000,592.0,589.0,0.45,1.0,FCP-bb68b5379f1e643d8e5ee21f,2024-11-22 10:40:00,profit_target_45%,0.2299999999999999,22.000000000000004,254.99999999999997,0.0862745098039216,True,15.0,1.0,15.0,10000.0,5,110.0,13045.0,current_policy_fixed,22.000000000000004
2024-11-26,R1,Not recorded,2024-11-26 10:15:00,SPY241126P00597000,SPY241126P00594000,597.0,594.0,0.33,1.0,FCP-55b8b0d69f852076d3e42828,2024-11-26 10:43:00,profit_target_45%,0.18,15.000000000000002,267.0,0.0561797752808988,True,15.0,1.0,15.0,10000.0,5,75.00000000000001,13120.0,current_policy_fixed,15.000000000000002
2024-11-27,R4,Not recorded,2024-11-27 10:40:00,SPY241127C00600000,SPY241127C00603000,600.0,603.0,0.32,1.0,FCP-f736bc05def00cad066e1d7c,2024-11-27 15:00:00,time_exit,0.06,26.0,268.0,0.0970149253731343,True,15.0,0.5,7.5,10000.0,2,52.0,13172.0,current_policy_fixed,26.0
2024-12-03,R1,Not recorded,2024-12-03 10:25:00,SPY241203P00601000,SPY241203P00598000,601.0,598.0,0.18,1.0,FCP-a55930b525d0a97b37351502,2024-12-03 11:27:00,profit_target_45%,0.09,9.0,282.0,0.0319148936170212,True,15.0,1.0,15.0,10000.0,5,45.0,13217.0,current_policy_fixed,9.0
2024-12-04,R4,Not recorded,2024-12-04 11:35:00,SPY241204P00605000,SPY241204P00602000,605.0,602.0,0.18,1.0,FCP-3f2cc3b009aea154c3d9171c,2024-12-04 13:33:00,stop_2x_credit,0.45,-27.0,282.0,-0.0957446808510638,False,15.0,0.5,7.5,10000.0,2,-54.0,13163.0,current_policy_fixed,-27.0
2024-12-09,R1,Not recorded,2024-12-09 10:15:00,SPY241209P00606000,SPY241209P00603000,606.0,603.0,0.2,1.0,FCP-77c75b732217348884b88aef,2024-12-09 10:29:00,stop_2x_credit,0.52,-32.0,280.0,-0.1142857142857142,False,15.0,1.0,15.0,10000.0,5,-160.0,13003.0,current_policy_fixed,-32.0
2024-12-23,R1,Not recorded,2024-12-23 10:30:00,SPY241223P00588000,SPY241223P00585000,588.0,585.0,0.69,1.0,FCP-0bf5e808ec58e0facee7e89e,2024-12-23 11:20:00,profit_target_45%,0.34,34.99999999999999,231.0,0.1515151515151515,True,15.0,1.0,15.0,10000.0,6,209.99999999999991,13213.0,current_policy_fixed,34.99999999999999
2024-12-26,R4,Not recorded,2024-12-26 11:45:00,SPY241226P00600000,SPY241226P00597000,600.0,597.0,0.2,1.0,FCP-3745b0e114343af6905c2a41,2024-12-26 12:48:00,stop_2x_credit,0.43,-23.0,280.0,-0.0821428571428571,False,15.0,0.5,7.5,10000.0,2,-46.0,13167.0,current_policy_fixed,-23.0
2024-12-27,R5,Not recorded,2024-12-27 09:50:00,SPY241227C00599000,SPY241227C00602000,599.0,602.0,0.58,0.5,FCP-92c299731b99362821d0a888,2024-12-27 10:02:00,profit_target_45%,0.24,34.0,242.0,0.140495867768595,True,15.0,0.5,7.5,10000.0,3,102.0,13269.0,current_policy_fixed,34.0
2024-12-31,R1,Not recorded,2024-12-31 10:15:00,SPY241231P00588000,SPY241231P00585000,588.0,585.0,0.87,1.0,FCP-6385378505ae14b2bb573982,2024-12-31 12:33:00,stop_2x_credit,1.87,-100.0,213.0,-0.4694835680751174,False,15.0,1.0,15.0,10000.0,7,-700.0,12569.0,current_policy_fixed,-100.0
2025-01-02,R4,Not recorded,2025-01-02 12:40:00,SPY250102C00584000,SPY250102C00587000,584.0,587.0,0.61,1.0,FCP-b8b48b2cd5af2b35f74095db,2025-01-02 15:00:00,time_exit,0.2699999999999999,34.0,239.0,0.1422594142259414,True,15.0,0.5,7.5,10000.0,3,102.0,12671.0,current_policy_fixed,34.0
2025-01-08,R5,Not recorded,2025-01-08 09:55:00,SPY250108C00589000,SPY250108C00592000,589.0,592.0,0.75,0.5,FCP-f9b2d767826261466e3d7cba,2025-01-08 10:55:00,time_exit,0.8999999999999999,-14.999999999999991,225.0,-0.0666666666666666,False,15.0,0.5,7.5,10000.0,3,-44.99999999999997,12626.0,current_policy_fixed,-14.999999999999991
2025-01-10,R5,Not recorded,2025-01-10 09:50:00,SPY250110C00586000,SPY250110C00589000,586.0,589.0,0.53,0.5,FCP-37c8431f7e9ba059a012f035,2025-01-10 10:02:00,profit_target_45%,0.2799999999999999,25.000000000000007,246.99999999999997,0.1012145748987854,True,15.0,0.5,7.5,10000.0,3,75.00000000000003,12701.0,current_policy_fixed,25.000000000000007
2025-01-14,R4,Not recorded,2025-01-14 11:15:00,SPY250114C00582000,SPY250114C00585000,582.0,585.0,0.76,1.0,FCP-8bd5b9bf9edcfe5102c7a055,2025-01-14 13:53:00,stop_2x_credit,1.53,-77.0,224.00000000000003,-0.3437499999999999,False,15.0,0.5,7.5,10000.0,3,-231.0,12470.0,current_policy_fixed,-77.0
2025-01-15,R4,Not recorded,2025-01-15 10:10:00,SPY250115P00591000,SPY250115P00588000,591.0,588.0,0.67,1.0,FCP-39cc5413ace98fa664cf406f,2025-01-15 11:54:00,stop_2x_credit,1.37,-70.0,233.0,-0.3004291845493562,False,15.0,0.5,7.5,10000.0,3,-210.0,12260.0,current_policy_fixed,-70.0
2025-01-31,R4,Not recorded,2025-01-31 12:10:00,SPY250131P00607000,SPY250131P00604000,607.0,604.0,0.29,1.0,FCP-fbb360da0e7472e6afcc5591,2025-01-31 12:33:00,profit_target_45%,0.15,13.999999999999996,271.0,0.051660516605166,True,15.0,0.5,7.5,10000.0,2,27.999999999999993,12288.0,current_policy_fixed,13.999999999999996
2025-02-05,R1,Not recorded,2025-02-05 10:15:00,SPY250205P00598000,SPY250205P00595000,598.0,595.0,0.48,1.0,FCP-3589f9f9f0e18f4793e4560c,2025-02-05 10:43:00,profit_target_45%,0.25,23.0,252.0,0.0912698412698412,True,15.0,1.0,15.0,10000.0,5,115.0,12403.0,current_policy_fixed,23.0
2025-02-06,R4,Not recorded,2025-02-06 10:55:00,SPY250206P00603000,SPY250206P00600000,603.0,600.0,0.46,1.0,FCP-949aa5ba59aa8a9d46a18e33,2025-02-06 12:25:00,profit_target_45%,0.25,21.000000000000004,254.0,0.0826771653543307,True,15.0,0.5,7.5,10000.0,2,42.00000000000001,12445.0,current_policy_fixed,21.000000000000004
2025-02-21,R1,Not recorded,2025-02-21 10:30:00,SPY250221C00608000,SPY250221C00611000,608.0,611.0,0.62,1.0,FCP-d82d1ca4d47b926cdec90c51,2025-02-21 12:20:00,profit_target_60%,0.24,38.0,238.0,0.1596638655462184,True,15.0,1.0,15.0,10000.0,6,228.0,12673.0,current_policy_fixed,38.0
2025-02-25,R5,Not recorded,2025-02-25 09:50:00,SPY250225C00597000,SPY250225C00600000,597.0,600.0,0.99,0.5,FCP-3853c1b1e98cd19aa2c45d27,2025-02-25 10:02:00,profit_target_45%,0.52,47.0,200.99999999999997,0.2338308457711443,True,15.0,0.5,7.5,10000.0,3,141.0,12814.0,current_policy_fixed,47.0
2025-02-26,R1,Not recorded,2025-02-26 10:20:00,SPY250226C00600000,SPY250226C00603000,600.0,603.0,0.99,1.0,FCP-21329449941f6440f5b94b49,2025-02-26 12:52:00,profit_target_60%,0.36,63.0,200.99999999999997,0.3134328358208955,True,15.0,1.0,15.0,10000.0,7,441.0,13255.0,current_policy_fixed,63.0
2025-02-27,R1,Not recorded,2025-02-27 10:05:00,SPY250227C00593000,SPY250227C00596000,593.0,596.0,1.06,1.0,FCP-bba1d98e45632f82cad6b65a,2025-02-27 14:28:00,profit_target_60%,0.4,66.0,194.0,0.3402061855670103,True,15.0,1.0,15.0,10000.0,7,462.0,13717.0,current_policy_fixed,66.0
2025-03-04,R5,Not recorded,2025-03-04 09:50:00,SPY250304C00580000,SPY250304C00583000,580.0,583.0,1.01,0.5,FCP-3d90ee80e49e8a929c1b2929,2025-03-04 10:07:00,profit_target_45%,0.54,47.0,199.0,0.236180904522613,True,15.0,0.5,7.5,10000.0,3,141.0,13858.0,current_policy_fixed,47.0
2025-03-04,R5,Not recorded,2025-03-04 11:00:00,SPY250304P00571000,SPY250304P00568000,571.0,568.0,0.55,1.0,FCP-3f5202f5678592a70548d80a,2025-03-04 12:20:00,r5_late_runner_vwap_5m_close_below,0.2099999999999999,34.00000000000001,245.00000000000003,0.1387755102040816,True,15.0,1.0,15.0,10000.0,6,204.00000000000009,14062.0,current_policy_fixed,34.00000000000001
2025-03-12,R4,Not recorded,2025-03-12 11:10:00,SPY250312C00556000,SPY250312C00559000,556.0,559.0,0.9,1.0,FCP-f53770ae8d62b92c9d914a68,2025-03-12 11:47:00,stop_2x_credit,1.81,-91.0,210.0,-0.4333333333333333,False,15.0,0.5,7.5,10000.0,3,-273.0,13789.0,current_policy_fixed,-91.0
2025-03-13,R4,Not recorded,2025-03-13 11:35:00,SPY250313C00556000,SPY250313C00559000,556.0,559.0,0.78,1.0,FCP-de1c1a2c87db69e028d9f0c9,2025-03-13 15:00:00,time_exit,0.41,37.0,221.99999999999997,0.1666666666666666,True,15.0,0.5,7.5,10000.0,3,111.0,13900.0,current_policy_fixed,37.0
2025-03-17,R4,Not recorded,2025-03-17 11:00:00,SPY250317P00562000,SPY250317P00559000,562.0,559.0,0.55,1.0,FCP-40d6780ba74dcc0f86372944,2025-03-17 12:14:00,profit_target_45%,0.3,25.000000000000007,245.00000000000003,0.1020408163265306,True,15.0,0.5,7.5,10000.0,3,75.00000000000003,13975.0,current_policy_fixed,25.000000000000007
2025-03-21,R5,Not recorded,2025-03-21 10:10:00,SPY250321C00563000,SPY250321C00566000,563.0,566.0,0.38,0.5,FCP-eab7cfdcacdc63a9f0caaae4,2025-03-21 11:00:00,stop_2x_credit,0.79,-41.0,262.0,-0.1564885496183206,False,15.0,0.5,7.5,10000.0,2,-82.0,13893.0,current_policy_fixed,-41.0
2025-03-26,R1,Not recorded,2025-03-26 10:30:00,SPY250326P00572000,SPY250326P00569000,572.0,569.0,0.48,1.0,FCP-1e1b10c83ee61466a3042454,2025-03-26 11:51:00,stop_2x_credit,0.97,-49.0,252.0,-0.1944444444444444,False,15.0,1.0,15.0,10000.0,5,-245.0,13648.0,current_policy_fixed,-49.0
2025-03-28,R5,Not recorded,2025-03-28 09:50:00,SPY250328C00567000,SPY250328C00570000,567.0,570.0,0.8,0.5,FCP-77fe361c86713b44e19f79de,2025-03-28 10:06:00,profit_target_45%,0.41,39.0,220.00000000000003,0.1772727272727272,True,15.0,0.5,7.5,10000.0,3,117.0,13765.0,current_policy_fixed,39.0
2025-04-02,R1,Not recorded,2025-04-02 10:20:00,SPY250402C00560000,SPY250402C00563000,560.0,563.0,1.35,1.0,FCP-be2304ffdf4152573f48f37c,2025-04-02 15:00:00,time_exit,1.53,-17.999999999999993,165.0,-0.109090909090909,False,15.0,1.0,15.0,10000.0,9,-161.99999999999994,13603.0,current_policy_fixed,-17.999999999999993
2025-04-03,R5,Not recorded,2025-04-03 09:55:00,SPY250403C00555000,SPY250403C00558000,555.0,558.0,0.25,0.5,FCP-0402eea1102466df4032ac0b,2025-04-03 10:14:00,profit_target_45%,0.13,12.0,275.0,0.0436363636363636,True,15.0,0.5,7.5,10000.0,2,24.0,13627.0,current_policy_fixed,12.0
2025-04-03,R5,Not recorded,2025-04-03 11:00:00,SPY250403P00536000,SPY250403P00533000,536.0,533.0,0.51,1.0,FCP-0c7e725a9585bc8bfa7c5738,2025-04-03 11:40:00,r5_late_runner_vwap_5m_close_below,0.19,32.0,249.00000000000003,0.1285140562248996,True,15.0,1.0,15.0,10000.0,6,192.0,13819.0,current_policy_fixed,32.0
2025-04-07,R5,Not recorded,2025-04-07 09:50:00,SPY250407C00506000,SPY250407C00509000,506.0,509.0,0.35,0.5,FCP-2403ea0bbe5b6f5124228028,2025-04-07 09:59:00,stop_2x_credit,0.72,-37.0,265.0,-0.1396226415094339,False,15.0,0.5,7.5,10000.0,2,-74.0,13745.0,current_policy_fixed,-37.0
2025-04-07,R5,Not recorded,2025-04-07 11:10:00,SPY250407P00480000,SPY250407P00477000,480.0,477.0,0.22,1.0,FCP-905dd4d8ce179a4be1c74d0e,2025-04-07 11:15:00,stop_2x_credit,0.53,-31.000000000000007,278.0,-0.1115107913669065,False,15.0,1.0,15.0,10000.0,5,-155.00000000000003,13590.0,current_policy_fixed,-31.000000000000007
2025-04-08,R1,Not recorded,2025-04-08 11:05:00,SPY250408P00517000,SPY250408P00514000,517.0,514.0,0.87,1.0,FCP-ebb4fd3ea492563b545a5e8b,2025-04-08 12:18:00,stop_2x_credit,1.75,-88.0,213.0,-0.4131455399061033,False,15.0,1.0,15.0,10000.0,7,-616.0,12974.0,current_policy_fixed,-88.0
2025-04-09,R5,Not recorded,2025-04-09 11:00:00,SPY250409P00475000,SPY250409P00472000,475.0,472.0,0.26,1.0,FCP-1cb6d5001e4f74a2223ecb5f,2025-04-09 15:55:00,r5_runner_eod_exit,0.01,25.0,274.0,0.0912408759124087,True,15.0,1.0,15.0,10000.0,5,125.0,13099.0,current_policy_fixed,25.0
2025-04-10,R1,Not recorded,2025-04-10 10:25:00,SPY250410P00528000,SPY250410P00525000,528.0,525.0,1.11,1.0,FCP-f000a76692e91803758fe4aa,2025-04-10 11:51:00,stop_2x_credit,2.2200000000000006,-111.00000000000006,189.0,-0.5873015873015877,False,15.0,1.0,15.0,10000.0,7,-777.0000000000005,12322.0,current_policy_fixed,-111.00000000000006
2025-04-14,R4,Not recorded,2025-04-14 12:20:00,SPY250414P00535000,SPY250414P00532000,535.0,532.0,0.81,1.0,FCP-064b6c17d9aa577ee3a7c599,2025-04-14 13:52:00,profit_target_45%,0.43,38.0,219.0,0.1735159817351598,True,15.0,0.5,7.5,10000.0,3,114.0,12436.0,current_policy_fixed,38.0
2025-04-15,R1,Not recorded,2025-04-15 10:20:00,SPY250415P00538000,SPY250415P00535000,538.0,535.0,0.82,1.0,FCP-af2a9f30f174943b5dc7f539,2025-04-15 11:18:00,profit_target_45%,0.45,36.99999999999999,218.00000000000003,0.1697247706422018,True,15.0,1.0,15.0,10000.0,6,221.99999999999991,12658.0,current_policy_fixed,36.99999999999999
2025-04-17,R1,Not recorded,2025-04-17 10:20:00,SPY250417P00525000,SPY250417P00522000,525.0,522.0,0.82,1.0,FCP-f7cda304941aa56f9f580a0c,2025-04-17 12:20:00,profit_target_45%,0.42,40.0,218.00000000000003,0.18348623853211,True,15.0,1.0,15.0,10000.0,6,240.0,12898.0,current_policy_fixed,40.0
2025-04-23,R4,Not recorded,2025-04-23 10:20:00,SPY250423P00540000,SPY250423P00537000,540.0,537.0,0.84,1.0,FCP-4a2ef6cbc029809692abffad,2025-04-23 10:37:00,profit_target_45%,0.4599999999999998,38.000000000000014,216.0,0.1759259259259259,True,15.0,0.5,7.5,10000.0,3,114.00000000000004,13012.0,current_policy_fixed,38.000000000000014
2025-04-30,R5,Not recorded,2025-04-30 09:50:00,SPY250430C00549000,SPY250430C00552000,549.0,552.0,0.54,0.5,FCP-dcee5ff78658ca2e13b4d229,2025-04-30 10:50:00,time_exit,0.7800000000000001,-24.00000000000001,246.0,-0.0975609756097561,False,15.0,0.5,7.5,10000.0,3,-72.00000000000003,12940.0,current_policy_fixed,-24.00000000000001
2025-05-07,R1,Not recorded,2025-05-07 11:45:00,SPY250507P00558000,SPY250507P00555000,558.0,555.0,0.68,1.0,FCP-8f90f4879f576edeb1f56723,2025-05-07 14:09:00,stop_2x_credit,1.4100000000000004,-73.00000000000003,231.99999999999997,-0.3146551724137932,False,15.0,1.0,15.0,10000.0,6,-438.00000000000017,12502.0,current_policy_fixed,-73.00000000000003
2025-05-16,R4,Not recorded,2025-05-16 11:35:00,SPY250516P00590000,SPY250516P00587000,590.0,587.0,0.45,1.0,FCP-e9c825c59a39f3c1a02fd338,2025-05-16 12:29:00,profit_target_45%,0.24,21.000000000000004,254.99999999999997,0.0823529411764706,True,15.0,0.5,7.5,10000.0,2,42.00000000000001,12544.0,current_policy_fixed,21.000000000000004
2025-05-21,R5,Not recorded,2025-05-21 13:10:00,SPY250521C00593000,SPY250521C00596000,593.0,596.0,0.16,1.0,FCP-869682bcdc955f9293c24bdc,2025-05-21 13:23:00,profit_target_60%,0.06,10.0,284.0,0.0352112676056338,True,15.0,1.0,15.0,10000.0,5,50.0,12594.0,current_policy_fixed,10.0
2025-05-27,R4,Not recorded,2025-05-27 11:35:00,SPY250527P00587000,SPY250527P00584000,587.0,584.0,0.28,1.0,FCP-3c44558c76bbf8dd24934217,2025-05-27 12:34:00,profit_target_45%,0.15,13.000000000000004,272.0,0.0477941176470588,True,15.0,0.5,7.5,10000.0,2,26.000000000000007,12620.0,current_policy_fixed,13.000000000000004
2025-06-02,R1,Not recorded,2025-06-02 10:15:00,SPY250602P00585000,SPY250602P00582000,585.0,582.0,0.53,1.0,FCP-e7e243a9e21eec074bf54a33,2025-06-02 10:27:00,profit_target_45%,0.29,24.000000000000004,246.99999999999997,0.097165991902834,True,15.0,1.0,15.0,10000.0,6,144.00000000000003,12764.0,current_policy_fixed,24.000000000000004
2025-06-06,R4,Not recorded,2025-06-06 10:30:00,SPY250606P00598000,SPY250606P00595000,598.0,595.0,0.54,1.0,FCP-6d79e234fd37a83fbb959478,2025-06-06 11:08:00,profit_target_45%,0.29,25.0,246.0,0.1016260162601626,True,15.0,0.5,7.5,10000.0,3,75.0,12839.0,current_policy_fixed,25.0
2025-06-12,R5,Not recorded,2025-06-12 11:25:00,SPY250612C00604000,SPY250612C00607000,604.0,607.0,0.36,1.0,FCP-3e12f0e751e35632cc58e0e1,2025-06-12 15:26:00,profit_target_60%,0.1399999999999999,22.0,264.0,0.0833333333333333,True,15.0,1.0,15.0,10000.0,5,110.0,12949.0,current_policy_fixed,22.0
2025-06-13,R1,Not recorded,2025-06-13 10:15:00,SPY250613P00596000,SPY250613P00593000,596.0,593.0,0.55,1.0,FCP-db0bbd97a450651db1b82c24,2025-06-13 11:06:00,profit_target_45%,0.26,29.000000000000004,245.00000000000003,0.1183673469387755,True,15.0,1.0,15.0,10000.0,6,174.00000000000003,13123.0,current_policy_fixed,29.000000000000004
2025-06-16,R1,Not recorded,2025-06-16 10:20:00,SPY250616C00604000,SPY250616C00607000,604.0,607.0,0.9,1.0,FCP-b1a6135d05954e2732834430,2025-06-16 12:45:00,profit_target_60%,0.34,56.00000000000001,210.0,0.2666666666666667,True,15.0,1.0,15.0,10000.0,7,392.00000000000006,13515.0,current_policy_fixed,56.00000000000001
2025-06-20,R5,Not recorded,2025-06-20 10:25:00,SPY250620C00597000,SPY250620C00600000,597.0,600.0,0.72,0.5,FCP-79a4c09181b1c21fd447183a,2025-06-20 11:01:00,profit_target_45%,0.34,37.99999999999999,228.00000000000003,0.1666666666666666,True,15.0,0.5,7.5,10000.0,3,113.99999999999996,13629.0,current_policy_fixed,37.99999999999999
2025-06-20,R5,Not recorded,2025-06-20 11:20:00,SPY250620P00593000,SPY250620P00590000,593.0,590.0,0.36,1.0,FCP-ef3da2cc05e43376812bf8a8,2025-06-20 13:37:00,stop_2x_credit,0.74,-38.0,264.0,-0.1439393939393939,False,15.0,1.0,15.0,10000.0,5,-190.0,13439.0,current_policy_fixed,-38.0
2025-06-27,R4,Not recorded,2025-06-27 10:30:00,SPY250627P00613000,SPY250627P00610000,613.0,610.0,0.24,1.0,FCP-1380a26357927a9450dd3e02,2025-06-27 11:35:00,profit_target_45%,0.13,10.999999999999998,276.0,0.0398550724637681,True,15.0,0.5,7.5,10000.0,2,21.999999999999996,13461.0,current_policy_fixed,10.999999999999998
2025-07-01,R1,Not recorded,2025-07-01 10:20:00,SPY250701C00619000,SPY250701C00622000,619.0,622.0,0.39,1.0,FCP-e35e3f2084b0dc70b00f3c5a,2025-07-01 10:46:00,profit_target_60%,0.15,24.0,261.0,0.0919540229885057,True,15.0,1.0,15.0,10000.0,5,120.0,13581.0,current_policy_fixed,24.0
2025-07-11,R5,Not recorded,2025-07-11 09:50:00,SPY250711C00624000,SPY250711C00627000,624.0,627.0,0.57,0.5,FCP-d3fd275a4f7529b233ec89c8,2025-07-11 10:50:00,time_exit,0.8,-23.00000000000001,243.00000000000003,-0.0946502057613169,False,15.0,0.5,7.5,10000.0,3,-69.00000000000003,13512.0,current_policy_fixed,-23.00000000000001
2025-07-16,R5,Not recorded,2025-07-16 10:00:00,SPY250716C00624000,SPY250716C00627000,624.0,627.0,0.33,0.5,FCP-f2eaf95136241cb87dd9bdc4,2025-07-16 11:00:00,time_exit,0.2699999999999999,6.000000000000005,267.0,0.0224719101123595,True,15.0,0.5,7.5,10000.0,2,12.00000000000001,13524.0,current_policy_fixed,6.000000000000005
2025-07-16,R5,Not recorded,2025-07-16 12:00:00,SPY250716P00619000,SPY250716P00616000,619.0,616.0,0.2,1.0,FCP-00c2a4a4250e50ece3eb7350,2025-07-16 15:55:00,r5_runner_eod_exit,0.01,19.0,280.0,0.0678571428571428,True,15.0,1.0,15.0,10000.0,5,95.0,13619.0,current_policy_fixed,19.0
2025-07-17,R4,Not recorded,2025-07-17 10:35:00,SPY250717P00624000,SPY250717P00621000,624.0,621.0,0.29,1.0,FCP-3d346eca19b7d72ab3602c59,2025-07-17 11:24:00,profit_target_45%,0.15,13.999999999999998,271.0,0.051660516605166,True,15.0,0.5,7.5,10000.0,2,27.999999999999996,13647.0,current_policy_fixed,13.999999999999998
2025-07-18,R4,Not recorded,2025-07-18 10:30:00,SPY250718C00629000,SPY250718C00632000,629.0,632.0,0.28,1.0,FCP-7408a39ddbe98d0d5b1291f8,2025-07-18 15:00:00,time_exit,0.03,25.0,272.0,0.0919117647058823,True,15.0,0.5,7.5,10000.0,2,50.0,13697.0,current_policy_fixed,25.0
2025-07-22,R1,Not recorded,2025-07-22 10:05:00,SPY250722C00628000,SPY250722C00631000,628.0,631.0,0.45,1.0,FCP-a80fc37df667d5d35d3dd752,2025-07-22 13:23:00,stop_2x_credit,0.91,-45.99999999999999,254.99999999999997,-0.1803921568627451,False,15.0,1.0,15.0,10000.0,5,-229.99999999999997,13467.0,current_policy_fixed,-45.99999999999999
2025-07-23,R4,Not recorded,2025-07-23 12:05:00,SPY250723P00631000,SPY250723P00628000,631.0,628.0,0.3,1.0,FCP-7892ef4b8239d40f1574523c,2025-07-23 14:08:00,profit_target_45%,0.1599999999999999,14.000000000000002,270.0,0.0518518518518518,True,15.0,0.5,7.5,10000.0,2,28.000000000000004,13495.0,current_policy_fixed,14.000000000000002
2025-07-30,R1,Not recorded,2025-07-30 10:20:00,SPY250730C00639000,SPY250730C00642000,639.0,642.0,0.28,1.0,FCP-4e74a72d00792a1164c2d495,2025-07-30 11:22:00,profit_target_60%,0.0,28.000000000000004,272.0,0.1029411764705882,True,15.0,1.0,15.0,10000.0,5,140.00000000000003,13635.0,current_policy_fixed,28.000000000000004
2025-08-01,R5,Not recorded,2025-08-01 11:10:00,SPY250801P00620000,SPY250801P00617000,620.0,617.0,0.54,1.0,FCP-e465163b6979687ce678f796,2025-08-01 12:45:00,r5_late_runner_vwap_5m_close_below,0.26,28.000000000000004,246.0,0.1138211382113821,True,15.0,1.0,15.0,10000.0,6,168.00000000000003,13803.0,current_policy_fixed,28.000000000000004
2025-08-06,R1,Not recorded,2025-08-06 10:25:00,SPY250806P00627000,SPY250806P00624000,627.0,624.0,0.49,1.0,FCP-b456be899140011005e6c7ab,2025-08-06 10:37:00,profit_target_45%,0.2499999999999999,24.000000000000004,250.99999999999997,0.0956175298804781,True,15.0,1.0,15.0,10000.0,5,120.0,13923.0,current_policy_fixed,24.000000000000004
2025-08-07,R4,Not recorded,2025-08-07 11:05:00,SPY250807C00634000,SPY250807C00637000,634.0,637.0,0.5,1.0,FCP-5d2b0a0b6b9801fc37a24640,2025-08-07 13:34:00,profit_target_90%,0.04,46.0,250.0,0.184,True,15.0,0.5,7.5,10000.0,3,138.0,14061.0,current_policy_fixed,46.0
2025-08-13,R4,Not recorded,2025-08-13 10:15:00,SPY250813P00644000,SPY250813P00641000,644.0,641.0,0.36,1.0,FCP-d7cbd3e3289009d8bfbe348f,2025-08-13 10:32:00,stop_2x_credit,0.78,-42.00000000000001,264.0,-0.1590909090909091,False,15.0,0.5,7.5,10000.0,2,-84.00000000000001,13977.0,current_policy_fixed,-42.00000000000001
2025-08-15,R4,Not recorded,2025-08-15 10:00:00,SPY250815C00646000,SPY250815C00649000,646.0,649.0,0.36,1.0,FCP-a79b962238ada9a58c44b79c,2025-08-15 15:00:00,time_exit,0.0399999999999999,32.0,264.0,0.1212121212121212,True,15.0,0.5,7.5,10000.0,2,64.0,14041.0,current_policy_fixed,32.0
2025-08-20,R5,Not recorded,2025-08-20 09:50:00,SPY250820C00639000,SPY250820C00642000,639.0,642.0,0.52,0.5,FCP-e3d86cf5046b477793004abb,2025-08-20 09:59:00,profit_target_45%,0.28,24.0,248.0,0.0967741935483871,True,15.0,0.5,7.5,10000.0,3,72.0,14113.0,current_policy_fixed,24.0
2025-08-27,R4,Not recorded,2025-08-27 10:25:00,SPY250827P00645000,SPY250827P00642000,645.0,642.0,0.61,1.0,FCP-87bb4627f4c3815728d70c1a,2025-08-27 14:15:00,profit_target_45%,0.31,29.999999999999993,239.0,0.1255230125523012,True,15.0,0.5,7.5,10000.0,3,89.99999999999997,14203.0,current_policy_fixed,29.999999999999993
2025-08-28,R4,Not recorded,2025-08-28 12:45:00,SPY250828P00647000,SPY250828P00644000,647.0,644.0,0.27,1.0,FCP-d6529efa09ab281830e3a982,2025-08-28 13:43:00,profit_target_45%,0.1399999999999999,13.000000000000004,273.0,0.0476190476190476,True,15.0,0.5,7.5,10000.0,2,26.000000000000007,14229.0,current_policy_fixed,13.000000000000004
2025-08-29,R1,Not recorded,2025-08-29 10:10:00,SPY250829C00646000,SPY250829C00649000,646.0,649.0,0.51,1.0,FCP-21907449bec5388ecf91fe0c,2025-08-29 13:05:00,profit_target_60%,0.18,33.0,249.00000000000003,0.1325301204819277,True,15.0,1.0,15.0,10000.0,6,198.0,14427.0,current_policy_fixed,33.0
2025-09-03,R4,Not recorded,2025-09-03 10:55:00,SPY250903P00642000,SPY250903P00639000,642.0,639.0,0.21,1.0,FCP-85a13a6962364ac9845b9109,2025-09-03 11:28:00,stop_2x_credit,0.43,-22.000000000000007,279.0,-0.0788530465949821,False,15.0,0.5,7.5,10000.0,2,-44.000000000000014,14383.0,current_policy_fixed,-22.000000000000007
2025-09-04,R4,Not recorded,2025-09-04 10:25:00,SPY250904P00643000,SPY250904P00640000,643.0,640.0,0.33,1.0,FCP-3106324d21957a84402b73dd,2025-09-04 11:00:00,profit_target_45%,0.18,15.000000000000002,267.0,0.0561797752808988,True,15.0,0.5,7.5,10000.0,2,30.000000000000004,14413.0,current_policy_fixed,15.000000000000002
2025-09-05,R4,Not recorded,2025-09-05 10:30:00,SPY250905C00648000,SPY250905C00651000,648.0,651.0,0.71,1.0,FCP-509bacb5802192a2c50f4f49,2025-09-05 13:56:00,profit_target_90%,0.07,63.99999999999999,229.0,0.2794759825327511,True,15.0,0.5,7.5,10000.0,3,191.99999999999997,14605.0,current_policy_fixed,63.99999999999999
2025-09-08,R1,Not recorded,2025-09-08 10:30:00,SPY250908P00647000,SPY250908P00644000,647.0,644.0,0.22,1.0,FCP-bb08c8904dd6cbd29ff06daf,2025-09-08 10:55:00,profit_target_45%,0.12,10.0,278.0,0.0359712230215827,True,15.0,1.0,15.0,10000.0,5,50.0,14655.0,current_policy_fixed,10.0
2025-09-09,R4,Not recorded,2025-09-09 10:40:00,SPY250909C00649000,SPY250909C00652000,649.0,652.0,0.37,1.0,FCP-a0c9719e1dd54951c9cfb46c,2025-09-09 13:03:00,stop_2x_credit,0.74,-37.0,263.0,-0.1406844106463878,False,15.0,0.5,7.5,10000.0,2,-74.0,14581.0,current_policy_fixed,-37.0
2025-09-17,R5,Not recorded,2025-09-17 10:20:00,SPY250917C00661000,SPY250917C00664000,661.0,664.0,0.87,0.5,FCP-a92166b188a885ff532e28b7,2025-09-17 11:20:00,time_exit,0.93,-6.000000000000005,213.0,-0.028169014084507,False,15.0,0.5,7.5,10000.0,3,-18.000000000000014,14563.0,current_policy_fixed,-6.000000000000005
2025-09-17,R5,Not recorded,2025-09-17 11:20:00,SPY250917P00653000,SPY250917P00650000,653.0,650.0,0.24,1.0,FCP-e5b02703f9b49d2a18ab69ef,2025-09-17 14:46:00,stop_2x_credit,0.52,-28.000000000000004,276.0,-0.1014492753623188,False,15.0,1.0,15.0,10000.0,5,-140.00000000000003,14423.0,current_policy_fixed,-28.000000000000004
2025-09-23,R1,Not recorded,2025-09-23 10:30:00,SPY250923P00665000,SPY250923P00662000,665.0,662.0,0.22,1.0,FCP-9fb07952ffd81bf207bdf9bd,2025-09-23 11:43:00,stop_2x_credit,0.4600000000000001,-24.000000000000007,278.0,-0.0863309352517986,False,15.0,1.0,15.0,10000.0,5,-120.00000000000004,14303.0,current_policy_fixed,-24.000000000000007
2025-09-24,R5,Not recorded,2025-09-24 11:15:00,SPY250924P00660000,SPY250924P00657000,660.0,657.0,0.18,1.0,FCP-dbf6d4af55a3d404a3a7f613,2025-09-24 11:49:00,stop_2x_credit,0.37,-19.0,282.0,-0.0673758865248227,False,15.0,1.0,15.0,10000.0,5,-95.0,14208.0,current_policy_fixed,-19.0
2025-09-26,R4,Not recorded,2025-09-26 13:00:00,SPY250926P00660000,SPY250926P00657000,660.0,657.0,0.29,1.0,FCP-789f015830857db054ac395e,2025-09-26 13:37:00,profit_target_45%,0.14,14.999999999999996,271.0,0.055350553505535,True,15.0,0.5,7.5,10000.0,2,29.999999999999993,14238.0,current_policy_fixed,14.999999999999996
2025-10-02,R4,Not recorded,2025-10-02 10:50:00,SPY251002C00670000,SPY251002C00673000,670.0,673.0,0.19,1.0,FCP-df2ebb69cb2d5a55d1887681,2025-10-02 15:00:00,time_exit,0.1699999999999999,2.0000000000000018,281.0,0.0071174377224199,True,15.0,0.5,7.5,10000.0,2,4.0000000000000036,14242.0,current_policy_fixed,2.0000000000000018
2025-10-10,R1,Not recorded,2025-10-10 10:20:00,SPY251010P00671000,SPY251010P00668000,671.0,668.0,0.41,1.0,FCP-b2c1afbee1dfac91428ba84b,2025-10-10 10:55:00,profit_target_45%,0.2199999999999999,19.0,259.0,0.0733590733590733,True,15.0,1.0,15.0,10000.0,5,95.0,14337.0,current_policy_fixed,19.0
2025-10-13,R1,Not recorded,2025-10-13 11:10:00,SPY251013P00659000,SPY251013P00656000,659.0,656.0,0.53,1.0,FCP-1ab1ac5d21da39331c967085,2025-10-13 11:22:00,profit_target_45%,0.28,25.0,246.99999999999997,0.1012145748987854,True,15.0,1.0,15.0,10000.0,6,150.0,14487.0,current_policy_fixed,25.0
2025-10-15,R4,Not recorded,2025-10-15 11:25:00,SPY251015P00666000,SPY251015P00663000,666.0,663.0,0.37,1.0,FCP-399218c1feedb28081a8f1d6,2025-10-15 11:37:00,stop_2x_credit,0.85,-48.0,263.0,-0.182509505703422,False,15.0,0.5,7.5,10000.0,2,-96.0,14391.0,current_policy_fixed,-48.0
2025-10-16,R1,Not recorded,2025-10-16 10:20:00,SPY251016P00665000,SPY251016P00662000,665.0,662.0,0.61,1.0,FCP-4b97241c94f2a2f8c9784e70,2025-10-16 10:43:00,profit_target_45%,0.33,27.999999999999996,239.0,0.1171548117154811,True,15.0,1.0,15.0,10000.0,6,167.99999999999997,14559.0,current_policy_fixed,27.999999999999996
2025-10-17,R5,Not recorded,2025-10-17 11:00:00,SPY251017P00651000,SPY251017P00648000,651.0,648.0,0.22,1.0,FCP-54188d6e45c351667902e0a5,2025-10-17 15:55:00,r5_runner_eod_exit,0.01,21.0,278.0,0.0755395683453237,True,15.0,1.0,15.0,10000.0,5,105.0,14664.0,current_policy_fixed,21.0
2025-10-22,R1,Not recorded,2025-10-22 10:20:00,SPY251022P00670000,SPY251022P00667000,670.0,667.0,0.46,1.0,FCP-8204540a65bf50cd182c3733,2025-10-22 10:30:00,stop_2x_credit,0.99,-52.99999999999998,254.0,-0.2086614173228345,False,15.0,1.0,15.0,10000.0,5,-264.9999999999999,14399.0,current_policy_fixed,-52.99999999999998
2025-10-24,R4,Not recorded,2025-10-24 11:40:00,SPY251024P00677000,SPY251024P00674000,677.0,674.0,0.32,1.0,FCP-dd2ca4b32eb94ef38ead32f1,2025-10-24 13:26:00,profit_target_45%,0.17,15.0,268.0,0.0559701492537313,True,15.0,0.5,7.5,10000.0,2,30.0,14429.0,current_policy_fixed,15.0
2025-10-27,R4,Not recorded,2025-10-27 10:45:00,SPY251027P00682000,SPY251027P00679000,682.0,679.0,0.23,1.0,FCP-5c64a2980e2927822cd96435,2025-10-27 12:05:00,profit_target_45%,0.12,11.0,277.0,0.03971119133574,True,15.0,0.5,7.5,10000.0,2,22.0,14451.0,current_policy_fixed,11.0
2025-10-31,R1,Not recorded,2025-10-31 10:20:00,SPY251031P00682000,SPY251031P00679000,682.0,679.0,0.61,1.0,FCP-c85382cc38e6543702f9cfe0,2025-10-31 11:02:00,profit_target_45%,0.33,27.999999999999996,239.0,0.1171548117154811,True,15.0,1.0,15.0,10000.0,6,167.99999999999997,14619.0,current_policy_fixed,27.999999999999996
2025-11-06,R4,Not recorded,2025-11-06 10:05:00,SPY251106C00674000,SPY251106C00677000,674.0,677.0,0.86,1.0,FCP-1e3c3cd68ea8ba08fd4ebb1c,2025-11-06 15:00:00,time_exit,0.37,49.0,214.0,0.2289719626168224,True,15.0,0.5,7.5,10000.0,3,147.0,14766.0,current_policy_fixed,49.0
2025-11-07,R5,Not recorded,2025-11-07 09:50:00,SPY251107C00669000,SPY251107C00672000,669.0,672.0,0.5,0.5,FCP-92c44872067ba6cbe2e4480b,2025-11-07 10:47:00,profit_target_45%,0.27,23.0,250.0,0.092,True,15.0,0.5,7.5,10000.0,3,69.0,14835.0,current_policy_fixed,23.0
2025-11-07,R5,Not recorded,2025-11-07 11:00:00,SPY251107P00661000,SPY251107P00658000,661.0,658.0,0.63,1.0,FCP-2b369c751c6c8c04fc1eeeff,2025-11-07 13:10:00,r5_late_runner_vwap_5m_close_below,0.27,36.0,237.0,0.1518987341772152,True,15.0,1.0,15.0,10000.0,6,216.0,15051.0,current_policy_fixed,36.0
2025-11-10,R4,Not recorded,2025-11-10 12:35:00,SPY251110P00676000,SPY251110P00673000,676.0,673.0,0.23,1.0,FCP-e6f4712ecef3b61cfe79fcd8,2025-11-10 12:49:00,profit_target_45%,0.11,12.000000000000002,277.0,0.0433212996389891,True,15.0,0.5,7.5,10000.0,2,24.000000000000004,15075.0,current_policy_fixed,12.000000000000002
2025-11-11,R1,Not recorded,2025-11-11 10:15:00,SPY251111P00678000,SPY251111P00675000,678.0,675.0,0.44,1.0,FCP-999dfa485b1f2b172e421522,2025-11-11 11:20:00,profit_target_45%,0.24,20.0,256.0,0.078125,True,15.0,1.0,15.0,10000.0,5,100.0,15175.0,current_policy_fixed,20.0
2025-11-13,R1,Not recorded,2025-11-13 10:40:00,SPY251113P00676000,SPY251113P00673000,676.0,673.0,0.61,1.0,FCP-ec5bf994233eecb62256bfc9,2025-11-13 11:07:00,stop_2x_credit,1.23,-62.0,239.0,-0.2594142259414226,False,15.0,1.0,15.0,10000.0,6,-372.0,14803.0,current_policy_fixed,-62.0
2025-11-17,R4,Not recorded,2025-11-17 11:15:00,SPY251117C00670000,SPY251117C00673000,670.0,673.0,0.85,1.0,FCP-f6593aad8de2964d7e3f51ef,2025-11-17 11:41:00,stop_2x_credit,1.7600000000000002,-91.00000000000004,215.0,-0.4232558139534885,False,15.0,0.5,7.5,10000.0,3,-273.0000000000001,14530.0,current_policy_fixed,-91.00000000000004
2025-11-18,R5,Not recorded,2025-11-18 09:50:00,SPY251118C00663000,SPY251118C00666000,663.0,666.0,0.89,0.5,FCP-4d1b92386d4ef5d9e7639281,2025-11-18 10:03:00,profit_target_45%,0.48,41.0,211.0,0.1943127962085308,True,15.0,0.5,7.5,10000.0,3,123.0,14653.0,current_policy_fixed,41.0
2025-11-18,R5,Not recorded,2025-11-18 11:00:00,SPY251118P00654000,SPY251118P00651000,654.0,651.0,0.64,1.0,FCP-c63e46d23a3be7bb48319b06,2025-11-18 12:10:00,r5_late_runner_vwap_5m_close_below,0.1899999999999999,45.00000000000001,236.0,0.1906779661016949,True,15.0,1.0,15.0,10000.0,6,270.00000000000006,14923.0,current_policy_fixed,45.00000000000001
2025-11-21,R5,Not recorded,2025-11-21 11:00:00,SPY251121P00646000,SPY251121P00643000,646.0,643.0,0.38,1.0,FCP-d77c89e9b5f78d15ef2cee6a,2025-11-21 15:55:00,r5_runner_eod_exit,0.01,37.0,262.0,0.1412213740458015,True,15.0,1.0,15.0,10000.0,5,185.0,15108.0,current_policy_fixed,37.0
2025-11-25,R4,Not recorded,2025-11-25 11:30:00,SPY251125P00669000,SPY251125P00666000,669.0,666.0,0.51,1.0,FCP-4fb4e7c1f01009fb452677b9,2025-11-25 11:51:00,profit_target_45%,0.28,23.0,249.00000000000003,0.0923694779116465,True,15.0,0.5,7.5,10000.0,3,69.0,15177.0,current_policy_fixed,23.0
2025-11-26,R4,Not recorded,2025-11-26 10:10:00,SPY251126P00677000,SPY251126P00674000,677.0,674.0,0.55,1.0,FCP-9157971bbaea75c58d905732,2025-11-26 10:59:00,profit_target_45%,0.29,26.0,245.00000000000003,0.1061224489795918,True,15.0,0.5,7.5,10000.0,3,78.0,15255.0,current_policy_fixed,26.0
2025-12-02,R1,Not recorded,2025-12-02 10:30:00,SPY251202P00680000,SPY251202P00677000,680.0,677.0,0.49,1.0,FCP-7d5ac249002be17b2ca027df,2025-12-02 10:47:00,profit_target_45%,0.25,24.0,250.99999999999997,0.0956175298804781,True,15.0,1.0,15.0,10000.0,5,120.0,15375.0,current_policy_fixed,24.0
2025-12-04,R4,Not recorded,2025-12-04 11:10:00,SPY251204C00685000,SPY251204C00688000,685.0,688.0,0.44,1.0,FCP-71736b63d61b79b4a90c81aa,2025-12-04 15:00:00,time_exit,0.06,38.0,256.0,0.1484375,True,15.0,0.5,7.5,10000.0,2,76.0,15451.0,current_policy_fixed,38.0
2025-12-05,R4,Not recorded,2025-12-05 11:00:00,SPY251205P00685000,SPY251205P00682000,685.0,682.0,0.38,1.0,FCP-1d6d74221f8da80219ab96d0,2025-12-05 11:41:00,stop_2x_credit,0.7799999999999999,-39.99999999999999,262.0,-0.1526717557251908,False,15.0,0.5,7.5,10000.0,2,-79.99999999999999,15371.0,current_policy_fixed,-39.99999999999999
2025-12-08,R1,Not recorded,2025-12-08 10:20:00,SPY251208P00684000,SPY251208P00681000,684.0,681.0,0.52,1.0,FCP-6ec0d2f0a3666a936542be05,2025-12-08 11:02:00,stop_2x_credit,1.2200000000000002,-70.00000000000001,248.0,-0.2822580645161291,False,15.0,1.0,15.0,10000.0,6,-420.0000000000001,14951.0,current_policy_fixed,-70.00000000000001
2025-12-10,R5,Not recorded,2025-12-10 11:00:00,SPY251210P00675000,SPY251210P00672000,675.0,672.0,0.19,1.0,FCP-13985b2525f4b8ae1d3ec329,2025-12-10 15:55:00,r5_runner_eod_exit,0.01,18.0,281.0,0.0640569395017793,True,15.0,1.0,15.0,10000.0,5,90.0,15041.0,current_policy_fixed,18.0
2025-12-12,R4,Not recorded,2025-12-12 10:10:00,SPY251212C00687000,SPY251212C00690000,687.0,690.0,0.71,1.0,FCP-e4dbabd31f916b3f8d931f75,2025-12-12 12:27:00,profit_target_90%,0.0699999999999999,64.0,229.0,0.2794759825327511,True,15.0,0.5,7.5,10000.0,3,192.0,15233.0,current_policy_fixed,64.0
2025-12-15,R1,Not recorded,2025-12-15 10:05:00,SPY251215C00683000,SPY251215C00686000,683.0,686.0,0.66,1.0,FCP-f83bbd2b3bdcb39debec8ed6,2025-12-15 11:47:00,profit_target_60%,0.23,43.00000000000001,234.0,0.1837606837606838,True,15.0,1.0,15.0,10000.0,6,258.00000000000006,15491.0,current_policy_fixed,43.00000000000001
2025-12-16,R5,Not recorded,2025-12-16 09:50:00,SPY251216C00681000,SPY251216C00684000,681.0,684.0,0.86,0.5,FCP-7e3a03dcc0bd66ad122a9e8e,2025-12-16 10:22:00,profit_target_45%,0.44,41.99999999999999,214.0,0.1962616822429906,True,15.0,0.5,7.5,10000.0,3,125.99999999999996,15617.0,current_policy_fixed,41.99999999999999
2025-12-16,R5,Not recorded,2025-12-16 11:20:00,SPY251216P00673000,SPY251216P00670000,673.0,670.0,0.18,1.0,FCP-f6d2a42e19249868b2db986b,2025-12-16 12:05:00,r5_late_runner_vwap_5m_close_below,0.0699999999999999,11.0,282.0,0.0390070921985815,True,15.0,1.0,15.0,10000.0,5,55.0,15672.0,current_policy_fixed,11.0
2025-12-17,R4,Not recorded,2025-12-17 10:45:00,SPY251217C00678000,SPY251217C00681000,678.0,681.0,0.63,1.0,FCP-7ae2192689e05bf0a3dd32fe,2025-12-17 13:40:00,profit_target_90%,0.06,57.00000000000001,237.0,0.240506329113924,True,15.0,0.5,7.5,10000.0,3,171.00000000000003,15843.0,current_policy_fixed,57.00000000000001
2025-12-26,R1,Not recorded,2025-12-26 10:20:00,SPY251226P00689000,SPY251226P00686000,689.0,686.0,0.28,1.0,FCP-01f4b90f7325f317a88f2280,2025-12-26 10:59:00,profit_target_45%,0.15,13.000000000000004,272.0,0.0477941176470588,True,15.0,1.0,15.0,10000.0,5,65.00000000000001,15908.0,current_policy_fixed,13.000000000000004
2025-12-30,R1,Not recorded,2025-12-30 10:15:00,SPY251230P00685000,SPY251230P00682000,685.0,682.0,0.24,1.0,FCP-26c5af2971696fb4c53a27df,2025-12-30 10:52:00,profit_target_45%,0.12,12.0,276.0,0.0434782608695652,True,15.0,1.0,15.0,10000.0,5,60.0,15968.0,current_policy_fixed,12.0
2025-12-31,R5,Not recorded,2025-12-31 09:50:00,SPY251231C00687000,SPY251231C00690000,687.0,690.0,0.52,0.5,FCP-a821cc2a70202cfd0566d68b,2025-12-31 10:41:00,profit_target_45%,0.27,25.0,248.0,0.1008064516129032,True,15.0,0.5,7.5,10000.0,3,75.0,16043.0,current_policy_fixed,25.0
2026-01-02,R1,Not recorded,2026-01-02 10:15:00,SPY260102P00683000,SPY260102P00680000,683.0,680.0,0.49,1.0,FCP-988ab97846fe1a9db152c222,2026-01-02 10:23:00,stop_2x_credit,1.16,-67.00000000000001,250.99999999999997,-0.2669322709163347,False,15.0,1.0,15.0,10000.0,5,-335.00000000000006,15708.0,current_policy_fixed,-67.00000000000001
2026-01-08,R5,Not recorded,2026-01-08 09:50:00,SPY260108C00690000,SPY260108C00693000,690.0,693.0,0.52,0.5,FCP-930fb26e3ffddab87a1ee78f,2026-01-08 10:50:00,time_exit,0.59,-6.999999999999995,248.0,-0.0282258064516128,False,15.0,0.5,7.5,10000.0,3,-20.999999999999982,15687.0,current_policy_fixed,-6.999999999999995
2026-01-09,R4,Not recorded,2026-01-09 10:15:00,SPY260109P00690000,SPY260109P00687000,690.0,687.0,0.48,1.0,FCP-14c670fcd47910bfc2eeaf1e,2026-01-09 10:27:00,profit_target_45%,0.25,23.0,252.0,0.0912698412698412,True,15.0,0.5,7.5,10000.0,2,46.0,15733.0,current_policy_fixed,23.0
2026-01-14,R5,Not recorded,2026-01-14 09:50:00,SPY260114C00692000,SPY260114C00695000,692.0,695.0,0.72,0.5,FCP-b38cd953af9bf1e0da3073f4,2026-01-14 10:01:00,profit_target_45%,0.37,34.99999999999999,228.00000000000003,0.1535087719298245,True,15.0,0.5,7.5,10000.0,3,104.99999999999996,15838.0,current_policy_fixed,34.99999999999999
2026-01-14,R5,Not recorded,2026-01-14 11:05:00,SPY260114P00685000,SPY260114P00682000,685.0,682.0,0.28,1.0,FCP-1a53cd22c7ee01f2a747e920,2026-01-14 11:30:00,r5_late_runner_vwap_5m_close_below,0.11,17.0,272.0,0.0625,True,15.0,1.0,15.0,10000.0,5,85.0,15923.0,current_policy_fixed,17.0
2026-01-15,R4,Not recorded,2026-01-15 11:25:00,SPY260115P00694000,SPY260115P00691000,694.0,691.0,0.35,1.0,FCP-5afb148b5d3c41529297feda,2026-01-15 13:35:00,profit_target_45%,0.18,17.0,265.0,0.0641509433962264,True,15.0,0.5,7.5,10000.0,2,34.0,15957.0,current_policy_fixed,17.0
2026-01-16,R1,Not recorded,2026-01-16 10:25:00,SPY260116P00691000,SPY260116P00688000,691.0,688.0,0.41,1.0,FCP-45a32b13eee96e699a19dad5,2026-01-16 10:36:00,stop_2x_credit,0.84,-43.0,259.0,-0.166023166023166,False,15.0,1.0,15.0,10000.0,5,-215.0,15742.0,current_policy_fixed,-43.0
2026-01-21,R5,Not recorded,2026-01-21 11:40:00,SPY260121C00684000,SPY260121C00687000,684.0,687.0,0.39,1.0,FCP-2dc6ca7f501a3f2a1bb62d9c,2026-01-21 11:57:00,profit_target_60%,0.15,24.0,261.0,0.0919540229885057,True,15.0,1.0,15.0,10000.0,5,120.0,15862.0,current_policy_fixed,24.0
2026-01-22,R4,Not recorded,2026-01-22 12:10:00,SPY260122P00689000,SPY260122P00686000,689.0,686.0,0.31,1.0,FCP-cc7d5b6b7add4f028bb632a3,2026-01-22 12:48:00,profit_target_45%,0.1699999999999999,14.000000000000002,269.0,0.0520446096654275,True,15.0,0.5,7.5,10000.0,2,28.000000000000004,15890.0,current_policy_fixed,14.000000000000002
2026-01-26,R5,Not recorded,2026-01-26 10:45:00,SPY260126C00694000,SPY260126C00697000,694.0,697.0,0.2,1.0,FCP-f87c1bfe16700d2f8bbc0e52,2026-01-26 10:53:00,stop_2x_credit,0.41,-21.000000000000004,280.0,-0.075,False,15.0,1.0,15.0,10000.0,5,-105.0,15785.0,current_policy_fixed,-21.000000000000004
2026-01-28,R4,Not recorded,2026-01-28 11:40:00,SPY260128C00697000,SPY260128C00700000,697.0,700.0,0.73,1.0,FCP-63cf48dfe61201131f5ad5b7,2026-01-28 15:00:00,time_exit,0.36,37.0,227.0,0.1629955947136563,True,15.0,0.5,7.5,10000.0,3,111.0,15896.0,current_policy_fixed,37.0
2026-01-29,R1,Not recorded,2026-01-29 10:05:00,SPY260129C00692000,SPY260129C00695000,692.0,695.0,0.88,1.0,FCP-f3169b53cde53ca20f6932cc,2026-01-29 10:41:00,profit_target_60%,0.32,56.00000000000001,212.0,0.2641509433962264,True,15.0,1.0,15.0,10000.0,7,392.00000000000006,16288.0,current_policy_fixed,56.00000000000001
2026-01-30,R1,Not recorded,2026-01-30 10:35:00,SPY260130P00690000,SPY260130P00687000,690.0,687.0,0.59,1.0,FCP-d7aa0e898a24579034ab16a6,2026-01-30 10:46:00,profit_target_45%,0.31,27.999999999999993,241.0,0.1161825726141078,True,15.0,1.0,15.0,10000.0,6,167.99999999999994,16456.0,current_policy_fixed,27.999999999999993
2026-02-03,R4,Not recorded,2026-02-03 11:30:00,SPY260203C00692000,SPY260203C00695000,692.0,695.0,0.66,1.0,FCP-0d7331e332d722ea152a7e2c,2026-02-03 13:31:00,profit_target_90%,0.05,61.0,234.0,0.2606837606837607,True,15.0,0.5,7.5,10000.0,3,183.0,16639.0,current_policy_fixed,61.0
2026-02-05,R5,Not recorded,2026-02-05 10:05:00,SPY260205C00682000,SPY260205C00685000,682.0,685.0,0.93,0.5,FCP-4cb894ee6844e1f75dfb02ea,2026-02-05 10:28:00,profit_target_45%,0.51,42.00000000000001,206.99999999999997,0.2028985507246377,True,15.0,0.5,7.5,10000.0,3,126.00000000000004,16765.0,current_policy_fixed,42.00000000000001
2026-02-12,R1,Not recorded,2026-02-12 10:15:00,SPY260212P00692000,SPY260212P00689000,692.0,689.0,0.52,1.0,FCP-ba525fe975c62da9439a2a45,2026-02-12 10:39:00,stop_2x_credit,1.1,-58.00000000000001,248.0,-0.2338709677419355,False,15.0,1.0,15.0,10000.0,6,-348.00000000000006,16417.0,current_policy_fixed,-58.00000000000001
2026-02-17,R5,Not recorded,2026-02-17 09:55:00,SPY260217C00679000,SPY260217C00682000,679.0,682.0,1.1,0.5,FCP-3fdbae857874d6c4f3e18ca8,2026-02-17 10:55:00,time_exit,0.98,12.00000000000001,190.0,0.0631578947368421,True,15.0,0.5,7.5,10000.0,3,36.00000000000003,16453.0,current_policy_fixed,12.00000000000001
2026-02-17,R5,Not recorded,2026-02-17 11:00:00,SPY260217P00673000,SPY260217P00670000,673.0,670.0,0.24,1.0,FCP-85cb2b6bd53e1f5237601616,2026-02-17 12:55:00,r5_late_runner_vwap_5m_close_below,0.11,13.0,276.0,0.0471014492753623,True,15.0,1.0,15.0,10000.0,5,65.0,16518.0,current_policy_fixed,13.0
2026-02-19,R1,Not recorded,2026-02-19 12:50:00,SPY260219P00681000,SPY260219P00678000,681.0,678.0,0.5,1.0,FCP-8e55ddc711ff4e8fcf86a1a7,2026-02-19 13:48:00,profit_target_45%,0.2699999999999999,23.000000000000004,250.0,0.092,True,15.0,1.0,15.0,10000.0,6,138.00000000000003,16656.0,current_policy_fixed,23.000000000000004
2026-02-20,R4,Not recorded,2026-02-20 10:05:00,SPY260220P00685000,SPY260220P00682000,685.0,682.0,0.68,1.0,FCP-e507f29f08c38a302389301b,2026-02-20 10:49:00,profit_target_45%,0.33,35.0,231.99999999999997,0.1508620689655172,True,15.0,0.5,7.5,10000.0,3,105.0,16761.0,current_policy_fixed,35.0
2026-02-23,R1,Not recorded,2026-02-23 10:40:00,SPY260223C00686000,SPY260223C00689000,686.0,689.0,0.64,1.0,FCP-ab6dc9006b78473d46b06fa7,2026-02-23 11:09:00,profit_target_60%,0.2299999999999999,41.0,236.0,0.173728813559322,True,15.0,1.0,15.0,10000.0,6,246.0,17007.0,current_policy_fixed,41.0
2026-02-25,R4,Not recorded,2026-02-25 10:30:00,SPY260225P00690000,SPY260225P00687000,690.0,687.0,0.63,1.0,FCP-09e1f1907452fe4ca0aa0dd4,2026-02-25 12:54:00,profit_target_45%,0.34,28.999999999999996,237.0,0.1223628691983122,True,15.0,0.5,7.5,10000.0,3,86.99999999999999,17094.0,current_policy_fixed,28.999999999999996
2026-02-26,R4,Not recorded,2026-02-26 10:00:00,SPY260226C00692000,SPY260226C00695000,692.0,695.0,0.88,1.0,FCP-f6b8137ed9d6b1f9ed5a8350,2026-02-26 11:41:00,profit_target_90%,0.08,80.0,212.0,0.3773584905660377,True,15.0,0.5,7.5,10000.0,3,240.0,17334.0,current_policy_fixed,80.0
2026-02-27,R5,Not recorded,2026-02-27 09:50:00,SPY260227C00685000,SPY260227C00688000,685.0,688.0,0.98,0.5,FCP-879cca8593a6e17b4f2b2503,2026-02-27 10:50:00,time_exit,1.22,-24.0,202.0,-0.1188118811881188,False,15.0,0.5,7.5,10000.0,3,-72.0,17262.0,current_policy_fixed,-24.0
2026-03-03,R5,Not recorded,2026-03-03 09:50:00,SPY260303C00679000,SPY260303C00682000,679.0,682.0,0.37,0.5,FCP-fe63f9dfe637585c49586764,2026-03-03 10:21:00,profit_target_45%,0.19,18.0,263.0,0.0684410646387832,True,15.0,0.5,7.5,10000.0,2,36.0,17298.0,current_policy_fixed,18.0
2026-03-05,R4,Not recorded,2026-03-05 10:35:00,SPY260305C00682000,SPY260305C00685000,682.0,685.0,0.8,1.0,FCP-258395d07350f4ef95e96457,2026-03-05 14:01:00,profit_target_90%,0.0699999999999999,73.00000000000001,220.00000000000003,0.3318181818181818,True,15.0,0.5,7.5,10000.0,3,219.00000000000009,17517.0,current_policy_fixed,73.00000000000001
2026-03-06,R5,Not recorded,2026-03-06 09:50:00,SPY260306C00676000,SPY260306C00679000,676.0,679.0,0.54,0.5,FCP-e3c0734c2c5f4c6e2d0b574a,2026-03-06 10:36:00,stop_2x_credit,1.11,-56.999999999999986,246.0,-0.2317073170731707,False,15.0,0.5,7.5,10000.0,3,-170.99999999999994,17346.0,current_policy_fixed,-56.999999999999986
2026-03-09,R5,Not recorded,2026-03-09 09:50:00,SPY260309C00670000,SPY260309C00673000,670.0,673.0,0.38,0.5,FCP-43e2cbedf8561648d1cbd84b,2026-03-09 10:50:00,time_exit,0.73,-35.0,262.0,-0.1335877862595419,False,15.0,0.5,7.5,10000.0,2,-70.0,17276.0,current_policy_fixed,-35.0
2026-03-10,R4,Not recorded,2026-03-10 12:45:00,SPY260310P00680000,SPY260310P00677000,680.0,677.0,0.42,1.0,FCP-5c73aad1fbe2b7ac21745335,2026-03-10 13:20:00,profit_target_45%,0.2199999999999999,20.0,258.0,0.0775193798449612,True,15.0,0.5,7.5,10000.0,2,40.0,17316.0,current_policy_fixed,20.0
2026-03-12,R5,Not recorded,2026-03-12 09:50:00,SPY260312C00674000,SPY260312C00677000,674.0,677.0,0.56,0.5,FCP-d9b470772de53069b7b6a8a7,2026-03-12 10:30:00,profit_target_45%,0.29,27.0,244.0,0.110655737704918,True,15.0,0.5,7.5,10000.0,3,81.0,17397.0,current_policy_fixed,27.0
2026-03-12,R5,Not recorded,2026-03-12 11:00:00,SPY260312P00663000,SPY260312P00660000,663.0,660.0,0.27,1.0,FCP-22a5c02e3beb01158f610433,2026-03-12 12:25:00,r5_late_runner_vwap_5m_close_below,0.1399999999999999,13.000000000000004,273.0,0.0476190476190476,True,15.0,1.0,15.0,10000.0,5,65.00000000000001,17462.0,current_policy_fixed,13.000000000000004
2026-03-13,R5,Not recorded,2026-03-13 11:00:00,SPY260313P00662000,SPY260313P00659000,662.0,659.0,0.55,1.0,FCP-73e3797211ceae691c88b535,2026-03-13 14:45:00,r5_late_runner_vwap_5m_close_below,0.22,33.0,245.00000000000003,0.1346938775510203,True,15.0,1.0,15.0,10000.0,6,198.0,17660.0,current_policy_fixed,33.0
2026-03-16,R1,Not recorded,2026-03-16 10:55:00,SPY260316P00668000,SPY260316P00665000,668.0,665.0,0.65,1.0,FCP-e8a09c6a403b7c6236bca64f,2026-03-16 11:36:00,profit_target_45%,0.3500000000000001,29.999999999999993,235.0,0.127659574468085,True,15.0,1.0,15.0,10000.0,6,179.99999999999994,17840.0,current_policy_fixed,29.999999999999993
2026-03-17,R4,Not recorded,2026-03-17 10:35:00,SPY260317P00672000,SPY260317P00669000,672.0,669.0,0.58,1.0,FCP-127c18d03ef384efeae9d322,2026-03-17 11:36:00,stop_2x_credit,1.17,-59.0,242.0,-0.2438016528925619,False,15.0,0.5,7.5,10000.0,3,-177.0,17663.0,current_policy_fixed,-59.0
2026-03-20,R5,Not recorded,2026-03-20 09:55:00,SPY260320C00656000,SPY260320C00659000,656.0,659.0,0.84,0.5,FCP-f12930e4ca6c84f09c234778,2026-03-20 10:15:00,profit_target_45%,0.4599999999999999,38.0,216.0,0.1759259259259259,True,15.0,0.5,7.5,10000.0,3,114.0,17777.0,current_policy_fixed,38.0
2026-03-20,R5,Not recorded,2026-03-20 11:00:00,SPY260320P00649000,SPY260320P00646000,649.0,646.0,0.44,1.0,FCP-97805e71c69f87c04f8feb25,2026-03-20 12:25:00,r5_late_runner_vwap_5m_close_below,0.18,26.0,256.0,0.1015625,True,15.0,1.0,15.0,10000.0,5,130.0,17907.0,current_policy_fixed,26.0
2026-03-31,R1,Not recorded,2026-03-31 11:00:00,SPY260331P00637000,SPY260331P00634000,637.0,634.0,0.72,1.0,FCP-4569cf089923d945e54270f9,2026-03-31 11:08:00,profit_target_45%,0.39,32.99999999999999,228.00000000000003,0.1447368421052631,True,15.0,1.0,15.0,10000.0,6,197.99999999999991,18105.0,current_policy_fixed,32.99999999999999
2026-04-01,R4,Not recorded,2026-04-01 12:15:00,SPY260401P00656000,SPY260401P00653000,656.0,653.0,0.44,1.0,FCP-406cc929e34f8089678d95da,2026-04-01 13:04:00,profit_target_45%,0.2099999999999999,23.000000000000004,256.0,0.08984375,True,15.0,0.5,7.5,10000.0,2,46.00000000000001,18151.0,current_policy_fixed,23.000000000000004
2026-04-09,R1,Not recorded,2026-04-09 10:25:00,SPY260409P00673000,SPY260409P00670000,673.0,670.0,0.43,1.0,FCP-056416c075b7125ed2a05f2d,2026-04-09 11:15:00,profit_target_45%,0.22,20.999999999999996,257.0,0.0817120622568093,True,15.0,1.0,15.0,10000.0,5,105.0,18256.0,current_policy_fixed,20.999999999999996
2026-04-15,R4,Not recorded,2026-04-15 10:15:00,SPY260415P00694000,SPY260415P00691000,694.0,691.0,0.31,1.0,FCP-957cc22428ccb160c1d1675a,2026-04-15 10:33:00,profit_target_45%,0.1699999999999999,14.000000000000002,269.0,0.0520446096654275,True,15.0,0.5,7.5,10000.0,2,28.000000000000004,18284.0,current_policy_fixed,14.000000000000002
2026-04-16,R4,Not recorded,2026-04-16 12:40:00,SPY260416P00700000,SPY260416P00697000,700.0,697.0,0.31,1.0,FCP-e14835b7843e3736be2f273c,2026-04-16 13:06:00,stop_2x_credit,0.64,-33.0,269.0,-0.1226765799256505,False,15.0,0.5,7.5,10000.0,2,-66.0,18218.0,current_policy_fixed,-33.0
2026-04-17,R4,Not recorded,2026-04-17 10:10:00,SPY260417P00708000,SPY260417P00705000,708.0,705.0,0.55,1.0,FCP-1e9d6caf5aafe13065889316,2026-04-17 10:42:00,profit_target_45%,0.29,26.0,245.00000000000003,0.1061224489795918,True,15.0,0.5,7.5,10000.0,3,78.0,18296.0,current_policy_fixed,26.0
2026-04-20,R1,Not recorded,2026-04-20 10:50:00,SPY260420P00707000,SPY260420P00704000,707.0,704.0,0.42,1.0,FCP-016bbef631bcd2ff74e3d263,2026-04-20 11:02:00,stop_2x_credit,0.8599999999999999,-43.999999999999986,258.0,-0.1705426356589146,False,15.0,1.0,15.0,10000.0,5,-219.99999999999991,18076.0,current_policy_fixed,-43.999999999999986
2026-04-21,R4,Not recorded,2026-04-21 11:10:00,SPY260421C00709000,SPY260421C00712000,709.0,712.0,0.64,1.0,FCP-bf1cfce81fda73f9b8247252,2026-04-21 13:07:00,profit_target_90%,0.06,58.00000000000001,236.0,0.2457627118644068,True,15.0,0.5,7.5,10000.0,3,174.00000000000003,18250.0,current_policy_fixed,58.00000000000001
2026-04-29,R4,Not recorded,2026-04-29 12:40:00,SPY260429C00711000,SPY260429C00714000,711.0,714.0,0.91,1.0,FCP-f42bc8e6460bd5402b09907b,2026-04-29 15:00:00,time_exit,1.02,-10.999999999999998,209.0,-0.0526315789473684,False,15.0,0.5,7.5,10000.0,3,-32.99999999999999,18217.0,current_policy_fixed,-10.999999999999998
2026-05-06,R4,Not recorded,2026-05-06 10:50:00,SPY260506P00730000,SPY260506P00727000,730.0,727.0,0.3,1.0,FCP-fe4f5f84e19f6fd784161ddd,2026-05-06 13:19:00,profit_target_45%,0.16,13.999999999999998,270.0,0.0518518518518518,True,15.0,0.5,7.5,10000.0,2,27.999999999999996,18245.0,current_policy_fixed,13.999999999999998
2026-05-08,R4,Not recorded,2026-05-08 10:05:00,SPY260508P00735000,SPY260508P00732000,735.0,732.0,0.4,1.0,FCP-33212ddb1d7db539ef8f08c8,2026-05-08 12:07:00,profit_target_45%,0.22,18.0,260.0,0.0692307692307692,True,15.0,0.5,7.5,10000.0,2,36.0,18281.0,current_policy_fixed,18.0
2026-05-11,R1,Not recorded,2026-05-11 10:20:00,SPY260511C00739000,SPY260511C00742000,739.0,742.0,1.07,1.0,FCP-337f0fd3b6d35a3164abff4a,2026-05-11 15:00:00,time_exit,0.4599999999999999,61.00000000000001,193.0,0.3160621761658031,True,15.0,1.0,15.0,10000.0,7,427.00000000000006,18708.0,current_policy_fixed,61.00000000000001
2026-05-15,R5,Not recorded,2026-05-15 09:50:00,SPY260515C00743000,SPY260515C00746000,743.0,746.0,0.53,0.5,FCP-143c451a3b42cff4d57bc794,2026-05-15 10:50:00,time_exit,0.6599999999999999,-12.99999999999999,246.99999999999997,-0.0526315789473683,False,15.0,0.5,7.5,10000.0,3,-38.99999999999997,18669.0,current_policy_fixed,-12.99999999999999
2026-05-15,R5,Not recorded,2026-05-15 11:55:00,SPY260515P00735000,SPY260515P00732000,735.0,732.0,0.21,1.0,FCP-356ac1656fefd8d81134ee57,2026-05-15 12:55:00,r5_late_runner_vwap_5m_close_below,0.09,11.999999999999998,279.0,0.043010752688172,True,15.0,1.0,15.0,10000.0,5,59.99999999999999,18729.0,current_policy_fixed,11.999999999999998
2026-05-18,R1,Not recorded,2026-05-18 10:40:00,SPY260518P00736000,SPY260518P00733000,736.0,733.0,0.61,1.0,FCP-b489e069726f112f3250dd55,2026-05-18 12:29:00,stop_2x_credit,1.36,-74.99999999999999,239.0,-0.313807531380753,False,15.0,1.0,15.0,10000.0,6,-449.9999999999999,18279.0,current_policy_fixed,-74.99999999999999
2026-05-19,R1,Not recorded,2026-05-19 11:00:00,SPY260519P00732000,SPY260519P00729000,732.0,729.0,0.72,1.0,FCP-8a1cea2ca90191db86305a90,2026-05-19 12:26:00,profit_target_45%,0.38,34.0,228.00000000000003,0.1491228070175438,True,15.0,1.0,15.0,10000.0,6,204.0,18483.0,current_policy_fixed,34.0
2026-05-20,R4,Not recorded,2026-05-20 10:40:00,SPY260520P00736000,SPY260520P00733000,736.0,733.0,0.69,1.0,FCP-de159fe47a7e82ef92730545,2026-05-20 11:16:00,profit_target_45%,0.31,37.999999999999986,231.0,0.1645021645021644,True,15.0,0.5,7.5,10000.0,3,113.99999999999996,18597.0,current_policy_fixed,37.999999999999986
2026-05-22,R4,Not recorded,2026-05-22 11:20:00,SPY260522P00746000,SPY260522P00743000,746.0,743.0,0.54,1.0,FCP-49b5e41518880deef4a3a307,2026-05-22 13:06:00,profit_target_45%,0.29,25.0,246.0,0.1016260162601626,True,15.0,0.5,7.5,10000.0,3,75.0,18672.0,current_policy_fixed,25.0
2026-05-27,R4,Not recorded,2026-05-27 11:50:00,SPY260527C00750000,SPY260527C00753000,750.0,753.0,0.52,1.0,FCP-5cb06f24407a65c03a76ae45,2026-05-27 12:51:00,stop_2x_credit,1.04,-52.0,248.0,-0.2096774193548387,False,15.0,0.5,7.5,10000.0,3,-156.0,18516.0,current_policy_fixed,-52.0
2026-05-29,R4,Not recorded,2026-05-29 10:30:00,SPY260529P00755000,SPY260529P00752000,755.0,752.0,0.47,1.0,FCP-4a90410b6679d4da2a81d65f,2026-05-29 10:47:00,stop_2x_credit,0.96,-49.0,253.00000000000003,-0.1936758893280632,False,15.0,0.5,7.5,10000.0,2,-98.0,18418.0,current_policy_fixed,-49.0
2026-06-03,R1,Not recorded,2026-06-03 11:40:00,SPY260603C00757000,SPY260603C00760000,757.0,760.0,0.45,1.0,FCP-5327f860a80337e1eba29971,2026-06-03 12:40:00,profit_target_60%,0.18,27.0,254.99999999999997,0.1058823529411764,True,15.0,1.0,15.0,10000.0,5,135.0,18553.0,current_policy_fixed,27.0
2026-06-05,R1,Not recorded,2026-06-05 10:05:00,SPY260605C00751000,SPY260605C00754000,751.0,754.0,0.63,1.0,FCP-c639ca871f290a54f77ba1c5,2026-06-05 11:23:00,profit_target_60%,0.25,38.0,237.0,0.160337552742616,True,15.0,1.0,15.0,10000.0,6,228.0,18781.0,current_policy_fixed,38.0
2026-06-09,R1,Not recorded,2026-06-09 10:50:00,SPY260609C00737000,SPY260609C00740000,737.0,740.0,1.02,1.0,FCP-710155c5b27b572f40de316b,2026-06-09 11:30:00,profit_target_60%,0.3899999999999999,63.000000000000014,198.0,0.3181818181818182,True,15.0,1.0,15.0,10000.0,7,441.0000000000001,19222.0,current_policy_fixed,63.000000000000014
2026-06-11,R1,Not recorded,2026-06-11 11:10:00,SPY260611P00725000,SPY260611P00722000,725.0,722.0,0.83,1.0,FCP-0dcdf617515742c949a0536d,2026-06-11 12:09:00,profit_target_45%,0.43,39.99999999999999,217.0,0.184331797235023,True,15.0,1.0,15.0,10000.0,6,239.99999999999991,19462.0,current_policy_fixed,39.99999999999999
2026-06-12,R4,Not recorded,2026-06-12 10:10:00,SPY260612P00739000,SPY260612P00736000,739.0,736.0,0.96,1.0,FCP-bdd8aa4c451624eec1aab03b,2026-06-12 11:14:00,profit_target_45%,0.51,44.99999999999999,204.0,0.2205882352941176,True,15.0,0.5,7.5,10000.0,3,134.99999999999997,19597.0,current_policy_fixed,44.99999999999999
2026-06-17,R1,Not recorded,2026-06-17 10:45:00,SPY260617P00749000,SPY260617P00746000,749.0,746.0,0.86,1.0,FCP-54b08cee418fefba29c19473,2026-06-17 14:05:00,stop_2x_credit,1.96,-110.0,214.0,-0.5140186915887851,False,15.0,1.0,15.0,10000.0,7,-770.0,18827.0,current_policy_fixed,-110.0
2026-06-22,R5,Not recorded,2026-06-22 11:00:00,SPY260622P00742000,SPY260622P00739000,742.0,739.0,0.45,1.0,FCP-ce8b57211023e12c61f11a8a,2026-06-22 11:45:00,r5_late_runner_vwap_5m_close_below,0.1999999999999999,25.0,254.99999999999997,0.0980392156862745,True,15.0,1.0,15.0,10000.0,5,125.0,18952.0,current_policy_fixed,25.0
2026-06-24,R1,Not recorded,2026-06-24 10:25:00,SPY260624P00735000,SPY260624P00732000,735.0,732.0,0.79,1.0,FCP-2764c05225643cddd5758a49,2026-06-24 10:47:00,profit_target_45%,0.43,36.0,221.0,0.1628959276018099,True,15.0,1.0,15.0,10000.0,6,216.0,19168.0,current_policy_fixed,36.0
2026-06-25,R1,Not recorded,2026-06-25 10:05:00,SPY260625C00735000,SPY260625C00738000,735.0,738.0,1.0,1.0,FCP-f27bb97b9d52d35bf6acc2de,2026-06-25 12:46:00,profit_target_60%,0.39,61.0,200.0,0.305,True,15.0,1.0,15.0,10000.0,7,427.0,19595.0,current_policy_fixed,61.0
2026-06-29,R4,Not recorded,2026-06-29 10:25:00,SPY260629C00736000,SPY260629C00739000,736.0,739.0,0.82,1.0,FCP-7422fd8e49b5b9153e443adc,2026-06-29 10:34:00,stop_2x_credit,1.6800000000000002,-86.00000000000001,218.00000000000003,-0.3944954128440367,False,15.0,0.5,7.5,10000.0,3,-258.00000000000006,19337.0,current_policy_fixed,-86.00000000000001
2026-06-30,R4,Not recorded,2026-06-30 10:05:00,SPY260630P00743000,SPY260630P00740000,743.0,740.0,0.58,1.0,FCP-1ffc80d5943e6779353af606,2026-06-30 11:33:00,profit_target_45%,0.3099999999999999,27.0,242.0,0.1115702479338843,True,15.0,0.5,7.5,10000.0,3,81.0,19418.0,current_policy_fixed,27.0
2026-07-02,R4,Not recorded,2026-07-02 10:25:00,SPY260702P00748000,SPY260702P00745000,748.0,745.0,0.5,1.0,FCP-3ece9fdb95e9a933b899b756,2026-07-02 10:42:00,stop_2x_credit,1.09,-58.999999999999986,250.0,-0.2359999999999999,False,15.0,0.5,7.5,10000.0,3,-176.99999999999994,19241.0,current_policy_fixed,-58.999999999999986
2026-07-07,R1,Not recorded,2026-07-07 10:20:00,SPY260707C00749000,SPY260707C00752000,749.0,752.0,0.59,1.0,FCP-034a4db080a5626c3d96a798,2026-07-07 10:42:00,profit_target_60%,0.21,37.99999999999999,241.0,0.1576763485477178,True,15.0,1.0,15.0,10000.0,6,227.99999999999991,19469.0,current_policy_fixed,37.99999999999999
2026-07-08,R5,Not recorded,2026-07-08 09:55:00,SPY260708C00746000,SPY260708C00749000,746.0,749.0,0.63,0.5,FCP-f3d30d59f1fbdceb6778b1d0,2026-07-08 10:40:00,profit_target_45%,0.3299999999999999,30.000000000000004,237.0,0.1265822784810126,True,15.0,0.5,7.5,10000.0,3,90.00000000000001,19559.0,current_policy_fixed,30.000000000000004
2026-07-09,R4,Not recorded,2026-07-09 11:00:00,SPY260709P00747000,SPY260709P00744000,747.0,744.0,0.44,1.0,FCP-4173c7427a0b07248b7ac48d,2026-07-09 11:23:00,profit_target_45%,0.23,20.999999999999996,256.0,0.0820312499999999,True,15.0,0.5,7.5,10000.0,2,41.99999999999999,19601.0,current_policy_fixed,20.999999999999996
2026-07-10,R4,Not recorded,2026-07-10 10:25:00,SPY260710P00751000,SPY260710P00748000,751.0,748.0,0.41,1.0,FCP-226e73d6cb3af01e01b09eb7,2026-07-10 10:33:00,stop_2x_credit,1.4600000000000002,-105.00000000000004,259.0,-0.4054054054054055,False,15.0,0.5,7.5,10000.0,2,-210.00000000000009,19391.0,current_policy_fixed,-105.00000000000004
2026-07-13,R1,Not recorded,2026-07-13 10:20:00,SPY260713P00750000,SPY260713P00747000,750.0,747.0,0.44,1.0,FCP-2d4a2c8a4972a9e2b774dcb2,2026-07-13 10:30:00,profit_target_45%,0.24,20.0,256.0,0.078125,True,15.0,1.0,15.0,10000.0,5,100.0,19491.0,current_policy_fixed,20.0
2026-07-15,R4,Not recorded,2026-07-15 10:05:00,SPY260715P00753000,SPY260715P00750000,753.0,750.0,0.37,1.0,FCP-52e94dcd2f76430963a65de3,2026-07-15 10:43:00,stop_2x_credit,0.8900000000000001,-52.000000000000014,263.0,-0.1977186311787072,False,15.0,0.5,7.5,10000.0,2,-104.00000000000004,19387.0,current_policy_fixed,-52.000000000000014
2026-07-22,R1,Not recorded,2026-07-22 10:20:00,SPY260722C00750000,SPY260722C00753000,750.0,753.0,0.54,1.0,FCP-2e20dc51a7ff06e52e3f6c96,2026-07-22 15:00:00,time_exit,0.37,17.000000000000004,246.0,0.0691056910569105,True,15.0,1.0,15.0,10000.0,6,102.00000000000004,19489.0,current_policy_fixed,17.000000000000004
2026-07-24,R1,Not recorded,2026-07-24 10:50:00,SPY260724P00737000,SPY260724P00734000,737.0,734.0,0.57,1.0,FCP-0c68c170b030eae4286a6c49,2026-07-24 10:58:00,profit_target_45%,0.31,25.999999999999996,243.00000000000003,0.1069958847736625,True,15.0,1.0,15.0,10000.0,6,155.99999999999997,19645.0,current_policy_fixed,25.999999999999996
2026-07-29,R4,Not recorded,2026-07-29 10:05:00,SPY260729C00739000,SPY260729C00742000,739.0,742.0,1.15,1.0,FCP-9b2e7aae26a7ee6c139dff67,2026-07-29 15:00:00,time_exit,2.04,-89.00000000000001,185.0,-0.4810810810810811,False,15.0,0.5,7.5,10000.0,4,-356.00000000000006,19289.0,current_policy_fixed,-89.00000000000001
2026-07-30,R1,Not recorded,2026-07-30 10:20:00,SPY260730C00741000,SPY260730C00744000,741.0,744.0,0.52,1.0,FCP-84ec1a7d485bdcfb2dc06830,2026-07-30 11:01:00,profit_target_60%,0.18,34.0,248.0,0.1370967741935483,True,15.0,1.0,15.0,10000.0,6,204.0,19493.0,current_policy_fixed,34.0
2026-08-05,R4,Not recorded,2026-08-05 10:10:00,SPY260805P00775000,SPY260805P00772000,775.0,772.0,0.87,1.0,FCP-d269082d9972b25dbd6a1899,2026-08-05 11:18:00,stop_2x_credit,1.8300000000000003,-96.00000000000004,213.0,-0.4507042253521128,False,15.0,0.5,7.5,10000.0,3,-288.0000000000001,19205.0,current_policy_fixed,-96.00000000000004
2026-08-06,R1,Not recorded,2026-08-06 11:30:00,SPY260806P00768000,SPY260806P00765000,768.0,765.0,0.5,1.0,FCP-3857c2cfbb748d3b6c0c9fa5,2026-08-06 14:15:00,profit_target_45%,0.25,25.0,250.0,0.1,True,15.0,1.0,15.0,10000.0,6,150.0,19355.0,current_policy_fixed,25.0
2026-08-07,R4,Not recorded,2026-08-07 11:45:00,SPY260807P00772000,SPY260807P00769000,772.0,769.0,0.43,1.0,FCP-6cb5e41338ca85620e48ac2e,2026-08-07 12:27:00,stop_2x_credit,0.96,-53.0,257.0,-0.2062256809338521,False,15.0,0.5,7.5,10000.0,2,-106.0,19249.0,current_policy_fixed,-53.0
2026-08-11,R1,Not recorded,2026-08-11 11:15:00,SPY260811P00771000,SPY260811P00768000,771.0,768.0,0.24,1.0,FCP-367a886ff931d3303f198824,2026-08-11 12:56:00,stop_2x_credit,0.49,-25.0,276.0,-0.0905797101449275,False,15.0,1.0,15.0,10000.0,5,-125.0,19124.0,current_policy_fixed,-25.0
2026-08-17,R1,Not recorded,2026-08-17 10:25:00,SPY260817P00774000,SPY260817P00771000,774.0,771.0,0.25,1.0,FCP-96d2afbc8d4195e6023102ee,2026-08-17 11:20:00,profit_target_45%,0.12,13.0,275.0,0.0472727272727272,True,15.0,1.0,15.0,10000.0,5,65.0,19189.0,current_policy_fixed,13.0
2026-08-20,R5,Not recorded,2026-08-20 10:05:00,SPY260820C00769000,SPY260820C00772000,769.0,772.0,0.24,0.5,FCP-582472fc50a1de6f8d690071,2026-08-20 11:02:00,stop_2x_credit,0.54,-30.000000000000004,276.0,-0.108695652173913,False,15.0,0.5,7.5,10000.0,2,-60.00000000000001,19129.0,current_policy_fixed,-30.000000000000004
